302 GET https://limewire.com/d/tAoZ9 ct= len=
200 GET https://limewire.com/d/tAoZ9?lmwr-ftv=1 ct=text/html; charset=utf-8 len=
200 GET https://limewire.com/build/assets/limewire-logo-CWTx4rdZ.svg ct=image/svg+xml len=
200 GET https://limewire.com/build/assets/limewire-icon-CuSTCjU4.svg ct=image/svg+xml len=
200 GET https://limewire.com/build/assets/react-datepicker-CE21K4bl.css ct=text/css; charset=UTF-8 len=
200 GET https://limewire.com/build/assets/500-B36wLJV3.css ct=text/css; charset=UTF-8 len=
200 GET https://limewire.com/build/assets/nprogress-Dw03ZESa.css ct=text/css; charset=UTF-8 len=
200 GET https://limewire.com/build/assets/tailwind-so4DT24b.css ct=text/css; charset=UTF-8 len=
200 GET https://limewire.com/build/chunks/jsx-runtime-D_zvdyIk.js ct=application/javascript; charset=UTF-8 len=
200 GET https://limewire.com/build/assets/400-C8LWbix3.css ct=text/css; charset=UTF-8 len=
200 GET https://limewire.com/build/assets/700-C5Ia9mPP.css ct=text/css; charset=UTF-8 len=
200 GET https://limewire.com/build/assets/chevron-down-icon-gfhbPJjL.svg ct=image/svg+xml len=
200 GET https://limewire.com/build/chunks/chunk-4N6VE7H7-CYH4PXiQ.js ct=application/javascript; charset=UTF-8 len=
200 GET https://limewire.com/build/chunks/tooltip-Dh-GCyoz.js ct=application/javascript; charset=UTF-8 len=
200 GET https://limewire.com/build/chunks/entry/entry.client-CXldMzz4.js ct=application/javascript; charset=UTF-8 len=
200 GET https://limewire.com/build/chunks/button-CB2fQLpx.js ct=application/javascript; charset=UTF-8 len=
200 GET https://limewire.com/build/chunks/index-5zs3RZdd.js ct=application/javascript; charset=UTF-8 len=
200 GET https://limewire.com/build/chunks/env-context-DebTkedx.js ct=application/javascript; charset=UTF-8 len=
200 GET https://limewire.com/build/chunks/sentry-Dzt6dNxD.js ct=application/javascript; charset=UTF-8 len=
200 GET https://limewire.com/build/chunks/StripeModal-nVGmb2kC.js ct=application/javascript; charset=UTF-8 len=
200 GET https://limewire.com/build/chunks/error-CNFYeXfL.js ct=application/javascript; charset=UTF-8 len=
200 GET https://limewire.com/build/chunks/file-sharing-provider-CtO82tLa.js ct=application/javascript; charset=UTF-8 len=
200 GET https://limewire.com/build/chunks/form-validation-BmVkRcjs.js ct=application/javascript; charset=UTF-8 len=
200 GET https://limewire.com/build/chunks/runtime-a9fv597q.js ct=application/javascript; charset=UTF-8 len=
200 GET https://limewire.com/build/chunks/toggle-group-BSQQLJtK.js ct=application/javascript; charset=UTF-8 len=
200 GET https://limewire.com/build/chunks/focus-visible-outline-CA5WDHp1.js ct=application/javascript; charset=UTF-8 len=
200 GET https://limewire.com/build/chunks/footer-BhUrYW9s.js ct=application/javascript; charset=UTF-8 len=
200 GET https://limewire.com/build/chunks/link-button-Dgv_yPAf.js ct=application/javascript; charset=UTF-8 len=
200 GET https://limewire.com/build/chunks/plus-icon-BzkK1_R0.js ct=application/javascript; charset=UTF-8 len=
200 GET https://limewire.com/build/chunks/navigation-tabs-BJf4kUpl.js ct=application/javascript; charset=UTF-8 len=
200 GET https://limewire.com/build/chunks/arrow-right-icon-CJx94PN2.js ct=application/javascript; charset=UTF-8 len=
200 GET https://limewire.com/build/chunks/alert-Bsob527P.js ct=application/javascript; charset=UTF-8 len=
200 GET https://limewire.com/build/chunks/use-callback-ref-CJ9SODNh.js ct=application/javascript; charset=UTF-8 len=
200 GET https://limewire.com/build/chunks/use-state-ref-0aYGV7fB.js ct=application/javascript; charset=UTF-8 len=
200 GET https://limewire.com/build/chunks/base-button-BOVQiXV3.js ct=application/javascript; charset=UTF-8 len=
200 GET https://limewire.com/build/chunks/gtm-CvHESGFi.js ct=application/javascript; charset=UTF-8 len=
200 GET https://limewire.com/build/chunks/use-controlled-state-6BKWRsRt.js ct=application/javascript; charset=UTF-8 len=
200 GET https://limewire.com/build/chunks/resolve-to-node-Bl44lgnH.js ct=application/javascript; charset=UTF-8 len=
200 GET https://limewire.com/build/chunks/result-BtcenhOc.js ct=application/javascript; charset=UTF-8 len=
200 GET https://limewire.com/build/assets/sharing-bucket-single-file-icon-CoFWt95U.svg ct=image/svg+xml len=
200 GET https://limewire.com/build/chunks/VerificationStatusEnum-BMWjV5ER.js ct=application/javascript; charset=UTF-8 len=
200 GET https://limewire.com/build/chunks/runtime-2_b2CLRu.js ct=application/javascript; charset=UTF-8 len=
200 GET https://limewire.com/build/chunks/AccountSubscriptionTier-Cz37hh3K.js ct=application/javascript; charset=UTF-8 len=
200 GET https://limewire.com/build/chunks/form-schema-utils-CKHKKg7G.js ct=application/javascript; charset=UTF-8 len=
200 GET https://limewire.com/build/chunks/UsStateCodeAlpha2-sRkxuwjy.js ct=application/javascript; charset=UTF-8 len=
200 GET https://limewire.com/build/chunks/get-api-DWzc_bBF.js ct=application/javascript; charset=UTF-8 len=
200 GET https://limewire.com/build/chunks/noop-BjFrJKj1.js ct=application/javascript; charset=UTF-8 len=
200 GET https://limewire.com/build/chunks/preload-helper-ckwbz45p.js ct=application/javascript; charset=UTF-8 len=
200 GET https://limewire.com/build/chunks/create-lazy-singleton-cLopSc4o.js ct=application/javascript; charset=UTF-8 len=
200 GET https://limewire.com/build/chunks/use-self-cancel-timeout-DCHuMrr-.js ct=application/javascript; charset=UTF-8 len=
200 GET https://limewire.com/build/chunks/use-self-cancel-interval-BgB7hfvd.js ct=application/javascript; charset=UTF-8 len=
200 GET https://limewire.com/build/chunks/types-CeqL-daw.js ct=application/javascript; charset=UTF-8 len=
200 GET https://limewire.com/build/chunks/createFormData-6W1bV2BK.js ct=application/javascript; charset=UTF-8 len=
200 GET https://limewire.com/build/chunks/get-sharing-bucket-expiration-label-B34Rzbwv.js ct=application/javascript; charset=UTF-8 len=
200 GET https://limewire.com/build/chunks/modal-content-window-title-header-DByhHMtf.js ct=application/javascript; charset=UTF-8 len=
200 GET https://limewire.com/build/chunks/auth-form-CQGR4GKw.js ct=application/javascript; charset=UTF-8 len=
200 GET https://limewire.com/build/chunks/use-typed-explicit-fetcher-fhEyK6eX.js ct=application/javascript; charset=UTF-8 len=
200 GET https://limewire.com/build/chunks/authenticity-token-CFgl6Z4h.js ct=application/javascript; charset=UTF-8 len=
200 GET https://limewire.com/build/chunks/auth-form-validation-C7l7Lp9m.js ct=application/javascript; charset=UTF-8 len=
200 GET https://limewire.com/build/chunks/use-const-CyuDI2Jw.js ct=application/javascript; charset=UTF-8 len=
200 GET https://limewire.com/build/chunks/auth-context-DVtKf2vI.js ct=application/javascript; charset=UTF-8 len=
200 GET https://limewire.com/build/chunks/navigation-link-De5ItD8a.js ct=application/javascript; charset=UTF-8 len=
200 GET https://limewire.com/build/chunks/correctAssetUrl-8jt7Bzg0.js ct=application/javascript; charset=UTF-8 len=
200 GET https://limewire.com/build/chunks/app-integration-provider-4-SaOz_c.js ct=application/javascript; charset=UTF-8 len=
200 GET https://limewire.com/build/chunks/app-integration-loading-D3uWt4C6.js ct=application/javascript; charset=UTF-8 len=
200 GET https://limewire.com/build/chunks/client-only-CnbT09nL.js ct=application/javascript; charset=UTF-8 len=
200 GET https://limewire.com/build/chunks/auth-window-messenger-DvswJzyt.js ct=application/javascript; charset=UTF-8 len=
200 GET https://limewire.com/build/chunks/use-external-wallet-dcgxeJzM.js ct=application/javascript; charset=UTF-8 len=
200 GET https://limewire.com/build/chunks/user-context-H9i7VnPA.js ct=application/javascript; charset=UTF-8 len=
200 GET https://limewire.com/build/chunks/divider-Bx5FVaq5.js ct=application/javascript; charset=UTF-8 len=
200 GET https://limewire.com/build/chunks/forward-platform-action-zg4OHF3T.js ct=application/javascript; charset=UTF-8 len=
200 GET https://limewire.com/build/chunks/CryptoCurrency-C8i-2yC7.js ct=application/javascript; charset=UTF-8 len=
200 GET https://limewire.com/build/chunks/format-crypto-currency-DU9teVm2.js ct=application/javascript; charset=UTF-8 len=
200 GET https://limewire.com/build/chunks/index-CWrIKnBx.js ct=application/javascript; charset=UTF-8 len=
200 GET https://limewire.com/build/chunks/file-name-C2McN_7-.js ct=application/javascript; charset=UTF-8 len=
200 GET https://limewire.com/build/chunks/feedback-tooltip-DnQoTtgx.js ct=application/javascript; charset=UTF-8 len=
200 GET https://limewire.com/build/chunks/CompositeItem-C2QJYDDY.js ct=application/javascript; charset=UTF-8 len=
200 GET https://limewire.com/build/chunks/file-descriptor-BSI-dBti.js ct=application/javascript; charset=UTF-8 len=
200 GET https://limewire.com/build/chunks/dropdown-menu-item-Db0oH43Q.js ct=application/javascript; charset=UTF-8 len=
200 GET https://limewire.com/build/chunks/format-1NPDPTzm.js ct=application/javascript; charset=UTF-8 len=
200 GET https://limewire.com/build/chunks/shared-DwIwScEe.js ct=application/javascript; charset=UTF-8 len=
200 GET https://limewire.com/build/chunks/use-copyright-Dc7D5n5M.js ct=application/javascript; charset=UTF-8 len=
200 GET https://limewire.com/build/chunks/tab-button-Ds5-Xr2w.js ct=application/javascript; charset=UTF-8 len=
200 GET https://limewire.com/build/chunks/use-sentry-capture-route-error-B1guq9Fu.js ct=application/javascript; charset=UTF-8 len=
200 GET https://limewire.com/build/chunks/root-data-from-meta-_uWRppwb.js ct=application/javascript; charset=UTF-8 len=
200 GET https://limewire.com/build/chunks/content-item-name-DjXvWG9L.js ct=application/javascript; charset=UTF-8 len=
200 GET https://limewire.com/build/chunks/entry/root-B27Qiu1q.js ct=application/javascript; charset=UTF-8 len=
200 GET https://limewire.com/build/chunks/mgid-BClyNFEN.js ct=application/javascript; charset=UTF-8 len=
200 GET https://limewire.com/build/chunks/page-error-content-beLpRn94.js ct=application/javascript; charset=UTF-8 len=
200 GET https://limewire.com/build/chunks/api-context-7msjQt-g.js ct=application/javascript; charset=UTF-8 len=
200 GET https://limewire.com/build/chunks/creator-name-CiLx5-S8.js ct=application/javascript; charset=UTF-8 len=
200 GET https://jsc.mgid.com/site/1110887.js ct=text/javascript len=167511
200 GET https://limewire.com/build/chunks/asset-aspect-ratio-CFxZTYNK.js ct=application/javascript; charset=UTF-8 len=
200 GET https://limewire.com/build/chunks/limewire-logo-Dqzw9EF0.js ct=application/javascript; charset=UTF-8 len=
200 GET https://limewire.com/build/chunks/use-logout-Dottuu2E.js ct=application/javascript; charset=UTF-8 len=
200 GET https://limewire.com/build/chunks/creator-834ASwQB.js ct=application/javascript; charset=UTF-8 len=
200 GET https://limewire.com/build/chunks/default-shell-layout-ChVnX-6i.js ct=application/javascript; charset=UTF-8 len=
200 GET https://limewire.com/build/chunks/errors-Bt-IsbGS.js ct=application/javascript; charset=UTF-8 len=
200 GET https://limewire.com/build/chunks/script-EPnTUGRP.js ct=application/javascript; charset=UTF-8 len=
200 GET https://limewire.com/build/chunks/share-nearby-provider-CHn9NMNw.js ct=application/javascript; charset=UTF-8 len=
200 GET https://limewire.com/build/chunks/mgid-slot-DhBerfc6.js ct=application/javascript; charset=UTF-8 len=
200 GET https://limewire.com/build/chunks/copy-input-0I8Jahig.js ct=application/javascript; charset=UTF-8 len=
200 GET https://limewire.com/build/chunks/shell-layout-aside-B02gG5Dq.js ct=application/javascript; charset=UTF-8 len=
200 GET https://limewire.com/build/chunks/page-column-layout-DWZQyDxP.js ct=application/javascript; charset=UTF-8 len=
200 GET https://limewire.com/build/chunks/get-default-seo-preview-image-19rrZO0W.js ct=application/javascript; charset=UTF-8 len=
200 GET https://limewire.com/build/chunks/page-error-404-Ba3LfCNG.js ct=application/javascript; charset=UTF-8 len=
200 GET https://limewire.com/build/chunks/date-time-D44bRngG.js ct=application/javascript; charset=UTF-8 len=
200 GET https://limewire.com/build/chunks/entry/_id-C64_2aqf.js ct=application/javascript; charset=UTF-8 len=
200 GET https://limewire.com/build/chunks/entry/__root-CwixLYj7.js ct=application/javascript; charset=UTF-8 len=
200 GET https://limewire.com/build/assets/dm-sans-latin-400-normal-Ryn7VuCb.woff2 ct=font/woff2 len=18096
200 GET https://limewire.com/build/assets/dm-sans-latin-500-normal-0zH4wDKe.woff2 ct=font/woff2 len=18240
200 GET https://limewire.com/build/assets/download-service-worker-response-body-test-B_SY1GJM.txt ct=text/plain; charset=UTF-8 len=0
200 GET https://limewire.com/build/chunks/dynamic/index.client-HLeJAL5c.js ct=application/javascript; charset=UTF-8 len=
200 HEAD https://jsc.mgid.com/site/1110887.js ct=text/javascript len=167511
200 GET https://www.googletagmanager.com/gtm.js?id=GTM-TZPQT7Z8 ct=application/javascript; charset=UTF-8 len=126606
200 GET https://limewire.com/__manifest?paths=%2F&version=06746cd3 ct=application/json; charset=utf-8 len=
200 POST https://o4505008135340032.ingest.sentry.io/api/4505114707099648/envelope/?sentry_version=7&sentry_key=3914d239cc544007a8bc3b33c2e276e7&sentry_client=sentry.javascript.remix%2F9.47.1 ct=application/json len=2
200 GET https://cmp.inmobi.com/choice/xU6SVDXWX-PW6/limewire.com/choice.js?tag_version=V3 ct=application/javascript len=
200 GET https://js.stripe.com/acacia/stripe.js ct=text/javascript; charset=utf-8 len=253773
200 GET https://api.limewire.com/clients/stream ct=text/event-stream;charset=UTF-8 len=
200 GET https://cmp.inmobi.com/tcfv2/61/cmp2.js?referer=limewire.com ct=text/javascript;charset=UTF-8 len=
200 GET https://www.googletagmanager.com/gtag/js?id=G-18L2PWS977&cx=c&gtm=4e69n1 ct=application/javascript; charset=UTF-8 len=189453
200 GET https://api.limewire.com/sharing/comments/22309104-56b9-4d2b-a225-65b95ca4dcc3 ct=application/json len=25
CONSOLE warning:  is not a valid value for uspDnsText
200 GET https://cmp.inmobi.com/geoip ct=application/json len=48
200 GET https://cmp.inmobi.com/GVL-v3/vendor-list-trimmed-v1.json ct=application/json len=
CONSOLE log: uspData default usp value based on gpc signal
CONSOLE warning: globalPrivacyControl is not available in the browser. Setting usp string as  1NN
CONSOLE warning: Google basic consent is not applicable.
CONSOLE log: Visit event sent successfully.
200 GET https://cmp.inmobi.com/tcfv2/61/cmp2ui-en.js ct=text/javascript;charset=UTF-8 len=
200 GET https://cmp.inmobi.com/us-mspa/v1/purposes-national-en.json ct=application/json len=
204 POST https://analytics.google.com/g/collect?v=2&tid=G-18L2PWS977&gtm=45je69n1v872651491z89262207942za20gzb9262207942zd9262207942xf1&_p=1790591139185&_gaz=1&gcd=13l3l3l3l1l1&npa=0&dma=0&tcfd=10000&_eu=EAAAAGAC&cid=1361015002.1 ct=text/plain len=0
200 GET https://cmp.inmobi.com/geoip ct=application/json len=48
204 POST https://stats.g.doubleclick.net/g/collect?v=2&tid=G-18L2PWS977&cid=1361015002.1790591140&gtm=45je69n1v872651491z89262207942za20gzb9262207942zd9262207942xf1&rcb=19&aip=1&dma=0&gcd=13l3l3l3l1l1&npa=0&frm=0&tag_exp=11593846 ct=text/plain len=0
200 GET https://api.limewire.com/sharing/replication/pull-stream?clientDeviceId=f84aae4b-2501-4058-9e04-8d3bb619305b&event-source-id=6f1a1e11-7cfe-4fe0-bb3a-eb6c2a9bf8fd ct=text/event-stream;charset=UTF-8 len=
200 GET https://api.limewire.com/sharing/replication/SHARING_BUCKET/pull?timestampSeconds=0&timestampIncrement=0&limit=1000&clientDeviceId=f84aae4b-2501-4058-9e04-8d3bb619305b ct=application/json len=
200 GET https://api.limewire.com/sharing/replication/USER/pull?timestampSeconds=0&timestampIncrement=0&limit=1000&clientDeviceId=f84aae4b-2501-4058-9e04-8d3bb619305b ct=application/json len=
200 GET https://api.limewire.com/sharing/replication/FILE_ENCRYPTION_KEY/pull?timestampSeconds=0&timestampIncrement=0&limit=1000&clientDeviceId=f84aae4b-2501-4058-9e04-8d3bb619305b ct=application/json len=
200 GET https://api.limewire.com/sharing/replication/PLATFORM_ACTION_HISTORY/pull?timestampSeconds=0&timestampIncrement=0&limit=1000&clientDeviceId=f84aae4b-2501-4058-9e04-8d3bb619305b ct=application/json len=
200 GET https://api.limewire.com/sharing/replication/CONTENT_ITEM/pull?timestampSeconds=0&timestampIncrement=0&limit=1000&clientDeviceId=f84aae4b-2501-4058-9e04-8d3bb619305b ct=application/json len=
200 GET https://api.limewire.com/sharing/replication/USER_ENCRYPTION_KEY/pull?timestampSeconds=0&timestampIncrement=0&limit=1000&clientDeviceId=f84aae4b-2501-4058-9e04-8d3bb619305b ct=application/json len=
200 GET https://limewire.com/build/assets/download-CeRSiifP.svg ct=image/svg+xml len=
200 GET https://limewire.com/build/assets/sharing-bucket-comments-icon-DFspVmGO.svg ct=image/svg+xml len=
200 GET https://limewire.com/build/assets/archive-qbDbHhH6.svg ct=image/svg+xml len=
200 GET https://limewire.com/build/assets/report-BosGz_RD.svg ct=image/svg+xml len=
200 GET https://limewire.com/build/assets/link-icon-B_QBMQBm.svg ct=image/svg+xml len=
200 GET https://limewire.com/build/assets/dm-sans-latin-700-normal-BU1huWnE.woff2 ct=font/woff2 len=18212
200 GET https://limewire.com/build/assets/close-icon-Co96zeaw.svg ct=image/svg+xml len=
200 POST https://visit-server.inmobi-choice.io/visit-event ct= len=
200 GET https://api.cmp.inmobi.com/?log=%7B%22accountId%22%3A%22xU6SVDXWX-PW6%22%2C%22domain%22%3A%22limewire.com%22%2C%22publisher%22%3A%22LimeWire%22%2C%22cmpId%22%3A10%2C%22cmpVersion%22%3A%222.61%22%2C%22displayType%22%3A%22 ct=text/plain; charset=utf-8 len=2
200 POST https://api.limewire.com/sharing/user-encryption-key ct=application/json len=
200 GET https://api.limewire.com/users/self/passphrase ct=application/json len=
206 GET blob:https://limewire.com/a03dd5e2-b275-42d9-b2fa-6e8685bc9ed8 ct=video/mp4 len=1493
200 GET blob:https://limewire.com/06c8b4f7-22b3-4a45-a324-46f764419d5d ct=text/javascript len=0
200 GET blob:https://limewire.com/51b46984-5cbc-494e-954d-0575e530d11f ct=text/javascript len=249
200 GET https://c.mgid.com/pv/?pv_types=pv&ns=1&cbuster=1790591140280317549628&pvid=febf6edb-8a0e-4664-bfab-0f7aaa499658&implVersion=17&lct=1790590675&site=1110887&cid=2085703&i=1&nullid=0&scua=%22x86%22&scub=%2264%22&scu=%22Hea ct=image/gif len=43
200 GET https://js.stripe.com/v3/m-outer-3437aaddcdf6922d623e172c2d6f9278.html ct=text/html; charset=utf-8 len=154
200 GET https://js.stripe.com/v3/fingerprinted/js/m-outer-15a2b40a058ddff1cffdb63779fe3de1.js ct=text/javascript; charset=utf-8 len=315
200 GET https://servicer.mgid.com/wl?cid=2085703&cmpreason=wp&placementTypeV2=unknown&tcfV2=1&sessionId=6aba40a4-01921&sessionPage=1&sessionNumberWeek=1&sessionNumber=1&cpicon=1&scale_metric_1=64.00&scale_metric_2=288.00&scale_m ct=image/gif len=43
200 GET https://m.stripe.network/inner.html ct=text/html; charset=utf-8 len=438
200 GET https://m.stripe.network/out-4.5.45.js ct=text/javascript; charset=utf-8 len=14184
200 POST https://m.stripe.com/6 ct=application/json;charset=utf-8 len=156
200 GET https://servicer.mgid.com/2085703/1?cmpreason=wp&placementTypeV2=out-of-page&tcfV2=1&sessionId=6aba40a4-01921&sessionPage=1&sessionNumberWeek=1&sessionNumber=1&cpicon=1&scale_metric_1=64.00&scale_metric_2=288.00&scale_me ct=application/x-javascript; charset=utf-8 len=
200 GET https://c.mgid.com/pv/?pv_types=ppv&cbuster=1790591142447898774630&pvid=febf6edb-8a0e-4664-bfab-0f7aaa499658&implVersion=17&lct=1790590675&site=1110887&cid=2085703&i=1&nullid=0&scua=%22x86%22&scub=%2264%22&scu=%22Headles ct=image/gif len=43
200 GET https://s-img.mgid.com/g/4415221/492x277/0x34x590x332/aHR0cDovL2ltZ2hvc3RzLmNvbS90Yy8yMDE5LTEwLzE3NTY4NS9kMjE3MDY5MmZiMzhmYTYzNTFjMjlkOTViOGE5ZDFmYi5qcGc.webp?v=1790591142-BgewsS1-MNp_QgiPTRVtgF2amnr9XVT_s4S2hZKv2EE ct=image/webp len=15450
200 GET https://s-img.mgid.com/g/28009387/492x277/-/aHR0cHM6Ly9jbC5pbWdob3N0cy5jb20vaW1naC9pbWFnZS9mZXRjaC9hcl8xNjo5LGNfZmlsbCxlX3NoYXJwZW46MTAwLGZfanBnLGdfZmFjZXM6YXV0byxxX2F1dG86Z29vZCx3XzEwMjAvaHR0cHM6Ly9pbWdob3N0cy5jb20vdC8y ct=image/webp len=76102
200 GET https://c.mgid.com/wr?cid=2085703&h2=Mf0bbiUK83F9aDXNURGpShN9ntlKqWBS_BoEeKwO_OnqUd95bTSEBwmXOMB8XK7TROwKLhoTBisxmQ-C7e4z3Q**&rid=f553f3eb-bb26-11f1-87df-d404e6f9ac40&advsrcid=210140&cmpreason=wp&placementTypeV2=out-of-p ct=image/gif len=43
200 GET https://s-img.mgid.com/g/14936918/492x277/-/aHR0cHM6Ly9jbC5pbWdob3N0cy5jb20vaW1naC9pbWFnZS9mZXRjaC9hcl8xNjo5LGNfZmlsbCxlX3NoYXJwZW46MTAwLGZfanBnLGdfZmFjZXM6YXV0byxxX2F1dG86Z29vZCx3XzEwMjAvaHR0cDovL2ltZ2hvc3RzLmNvbS90LzIw ct=image/webp len=12702
200 GET https://s-img.mgid.com/g/16000482/492x277/-/aHR0cHM6Ly9jbC5pbWdob3N0cy5jb20vaW1naC9pbWFnZS9mZXRjaC9hcl8xNjo5LGNfZmlsbCxlX3NoYXJwZW46MTAwLGZfanBnLGdfZmFjZXM6YXV0byxxX2F1dG86Z29vZCx3XzEwMjAvaHR0cDovL2ltZ2hvc3RzLmNvbS90LzIw ct=image/webp len=15108
200 GET https://s-img.mgid.com/g/26297583/492x277/-/aHR0cHM6Ly9jbC5pbWdob3N0cy5jb20vaW1naC9pbWFnZS9mZXRjaC9hcl8xNjo5LGNfZmlsbCxlX3NoYXJwZW46MTAwLGZfanBnLGdfeHlfY2VudGVyLHFfYXV0bzpnb29kLHdfMTAyMCx4XzY5Myx5XzUyNy9odHRwczovL2ltZ2hv ct=image/webp len=14804
200 GET https://s-img.mgid.com/g/3805453/492x277/0x0x492x277/aHR0cDovL2ltZ2hvc3RzLmNvbS90LzIwMTctMDMtMzEvMTAxOTI0LzlkYTg5NGIyMzY1NWU4MjZhZjNhOThjOGNkNGYzNTQ5LmpwZw.webp?v=1790591142-PAOCgV-6tnVGhiXW9_16J7KcIvHuWI9VbkTY9Y6mFpM ct=image/webp len=51588
200 GET https://cl.imghosts.com/imgh/video/upload/ar_16:9,c_fill,w_680/e_loop,fl_animated/videos/t/2026-09/101924/8dcfe11f0151f14f09bef26a7fde302c.avif?v=1790591142-BR30GyAGc2nQZbNDCvN9ayW49KI21HPlaO3dlQ4NEUw ct=image/avif len=90723
200 GET https://s-img.mgid.com/g/14649886/492x277/-/aHR0cHM6Ly9jbC5pbWdob3N0cy5jb20vaW1naC9pbWFnZS9mZXRjaC9hcl8xNjo5LGNfZmlsbCxlX3NoYXJwZW46MTAwLGZfanBnLGdfZmFjZXM6YXV0byxxX2F1dG86Z29vZCx3XzEwMjAvaHR0cDovL2ltZ2hvc3RzLmNvbS90LzIw ct=image/webp len=8528
200 GET https://s-img.mgid.com/g/3931461/492x277/0x65x546x307/aHR0cDovL2ltZ2hvc3RzLmNvbS90LzIwMTktMDcvMTAxOTI0L2M1NzQwMTZiYzIwMDFkMDdkNzUyZTg0YmFmMDU3N2VkLmpwZWc.webp?v=1790591142-6pGa_2fuHbRQx609lwwm4AKgazEPSXeLsB2_Nep4nNw ct=image/webp len=10010
200 GET https://s-img.mgid.com/g/28009400/492x277/-/aHR0cHM6Ly9jbC5pbWdob3N0cy5jb20vaW1naC9pbWFnZS9mZXRjaC9hcl8xNjo5LGNfZmlsbCxlX3NoYXJwZW46MTAwLGZfanBnLGdfZmFjZXM6YXV0byxxX2F1dG86Z29vZCx3XzEwMjAvaHR0cHM6Ly9pbWdob3N0cy5jb20vdC8y ct=image/webp len=27810
200 GET https://s-img.mgid.com/g/15584674/492x277/-/aHR0cHM6Ly9jbC5pbWdob3N0cy5jb20vaW1naC9pbWFnZS9mZXRjaC9hcl8xNjo5LGNfZmlsbCxlX3NoYXJwZW46MTAwLGZfanBnLGdfZmFjZXM6YXV0byxxX2F1dG86Z29vZCx3XzEwMjAvaHR0cDovL2ltZ2hvc3RzLmNvbS90LzIw ct=image/webp len=7162
200 GET https://s-img.mgid.com/g/13268946/492x277/-/aHR0cHM6Ly9jbC5pbWdob3N0cy5jb20vaW1naC9pbWFnZS9mZXRjaC9hcl8xNjo5LGNfZmlsbCxlX3NoYXJwZW46MTAwLGZfanBnLGdfeHlfY2VudGVyLHFfYXV0bzpnb29kLHdfMTAyMCx4XzU2NSx5XzM2MC9odHRwOi8vaW1naG9z ct=image/webp len=8770
200 GET https://cl.imghosts.com/imgh/video/upload/ar_16:9,c_fill,w_680/e_loop,fl_animated/videos/t/2023-03/101924/5ac67017efa354a26e95dad70f7400ac.avif?v=1790591142-gDWinIEN4WJo7l97kWKR6DNoDfqeo-482nAeHcpiRkk ct=image/avif len=42709
200 GET https://cl.imghosts.com/imgh/video/upload/ar_16:9,c_fill,w_680/e_loop,fl_animated/videos/t/2026-04/101924/c120188f03ebbcba5b368e050b8e7578.avif?v=1790591142-Hcjk5KWtxgilqf5oZPF3OT9NujVyeijj9zqIBou8ypk ct=image/avif len=123463
200 GET https://cl.imghosts.com/imgh/video/upload/ar_16:9,c_fill,w_680/e_loop,fl_animated/videos/t/2026-09/101924/b22743d8aab3e8ede5c67ee77aa3de4c.avif?v=1790591142-7RkFpNCN4C7KIXDQi1ChIrx16SoNtgC59zkD-rVOY4c ct=image/avif len=146580
200 GET https://cm.mgid.com/i.js?muid=q8sGOSwz-Sp3&cbuster=1790591142465734431604&us_privacy=1NNN&gpp=DBAA&gpp_sid=7 ct=application/javascript len=
200 GET https://cdn.id5-sync.com/api/1.0/id5-api.js ct=text/javascript;charset=utf-8 len=
301 GET https://secure-assets.rubiconproject.com/utils/xapi/multi-sync.html?p=mgid&endpoint=us-west&gdpr=0&gdpr_consent=&us_privacy={CCPA_CONSENT} ct= len=0
302 GET https://cm.g.doubleclick.net/pixel?google_nid=marketgid&google_cm=&google_ula={guid}&google_hm=cThzR09Td3otU3Az&muidn=q8sGOSwz-Sp3&gdpr=0&gdpr_consent= ct=text/html; charset=UTF-8 len=387
200 GET https://eus.rubiconproject.com/usync.html?p=mgid&endpoint=us-west&gdpr=0&gdpr_consent=&us_privacy={CCPA_CONSENT} ct=text/html len=224
302 GET https://cm.g.doubleclick.net/pixel?google_nid=marketgid&google_cm=&google_ula={guid}&google_hm=cThzR09Td3otU3Az&muidn=q8sGOSwz-Sp3&gdpr=0&gdpr_consent=&google_tc= ct=text/html; charset=UTF-8 len=356
307 GET https://cm.idealmedia.io/i.gif?muidf=q8sGOSwz-Sp3&gdpr=0&gdpr_consent=&us_privacy={CCPA_CONSENT} ct= len=0
307 GET https://ap.lijit.com/pixel?gdpr=0&gdpr_consent=&redir=https%3A%2F%2Fcm.mgid.com%2Fm%3Fcdsp%3D709070%26c%3D%24UID ct= len=0
200 GET https://eus.rubiconproject.com/usync.js ct=text/html;charset=UTF-8 len=11678
200 GET https://cs-server-s2s.yellowblue.io/sync-iframe?gdpr=0&gdpr_consent=&us_privacy={CCPA_CONSENT}&&redirect=https%3A%2F%2Fcm.mgid.com%2Fm%3Fcdsp%3D834173%26c%3D%7BpartnerId%7D ct=text/html len=
200 GET https://onetag-sys.com/usync/?pubId=7cd9d7c7c13ff36&sync_id=q8sGOSwz-Sp3&gdpr=0&gdpr_consent=&us_privacy={CCPA_CONSENT} ct=text/html len=2504
204 GET https://dsp.upscale.digital/csync?user_id=q8sGOSwz-Sp3&gdpr=0&gdpr_consent=&us_privacy={CCPA_CONSENT} ct= len=
307 GET https://id.rlcdn.com/712056.gif? ct= len=0
307 GET https://ap.lijit.com/pixel?gdpr=0&gdpr_consent=&redir=https%3A%2F%2Fcm.mgid.com%2Fm%3Fcdsp%3D709070%26c%3D%24UID&sovrn_retry=true ct= len=0
307 GET https://idsync.rlcdn.com/712107.gif?partner_uid=q8sGOSwz-Sp3& ct= len=0
301 GET https://secure-assets.rubiconproject.com/utils/xapi/multi-sync.html?endpoint=us-east&p=rise_engage ct= len=0
200 GET https://eus.rubiconproject.com/usync.html?endpoint=us-east&p=rise_engage ct=text/html len=224
302 GET https://ps.eyeota.net/match?bid=dn2m51u&uid=q8sGOSwz-Sp3&gdpr=0&gdpr_consent= ct= len=0
307 GET https://ap.lijit.com/pixel?gdpr=0&gdpr_consent=&redir=https%3A%2F%2Fcs-server-s2s.yellowblue.io%2Fcs%3Ffwrd%3D1%26aid%3D11607%26uid%3D%24UID ct= len=0
200 GET https://cm.mgid.com/m?cdsp=709070&c=Naqx0LZHAaDnjIrCYWdbe0Zl ct=image/gif len=43
200 GET https://eus.rubiconproject.com/usync.js ct=text/html;charset=UTF-8 len=11678
200 GET https://cs-server-s2s.yellowblue.io/cs?fwrd=1&aid=11607&uid=Naqx0LZHAaDnjIrCYWdbe0Zl ct=application/javascript len=0
200 GET https://onetag-sys.com/usync/?gdpr=0&gdpr_consent=&pubId=69f48c2160c8113 ct=text/html len=2504
200 GET https://id.rlcdn.com/1000.gif?memo=CPi6KxoNCKaB6dUGEgUI6AcQAEIASgA ct=image/gif len=42
200 GET https://cm.mgid.com/m?cdsp=834173&c=rdgp2KwcCp_s ct=image/gif len=43
200 GET https://ps.eyeota.net/match/bounce/?bid=dn2m51u&uid=q8sGOSwz-Sp3&gdpr=0&gdpr_consent= ct=image/gif len=70
200 GET https://user-sync.fwmrm.net/ad/u?cr=https%3A%2F%2Fcs-server-s2s.yellowblue.io%2Fcs%3Ffwrd%3D1%26aid%3D11601%26id%3D%23%7Buser.id%7D&mode=echo ct=text/html len=0
302 GET https://sync.inmobi.com/prebid?gdpr=0&gdpr_consent=&redirect=https%3A%2F%2Fcs-server-s2s.yellowblue.io%2Fcs%3Ffwrd%3D1%26aid%3D11595%26id%3D%7BID5UID%7D&us_privacy=%5BUS_PRIVACY%5D ct= len=0
200 GET https://sync.inmobi.com/sync?gdpr_consent=&gdpr=0&us_privacy={CCPA_CONSENT}&gdpr_pd=&gpp=${GPP_STRING}&gpp_sid=&source=5&google_push=&retry=&redirect=https%3A%2F%2Fcm.mgid.com%2Fm%3Fcdsp%3D834179%26c%3D%7BID5UID%7D ct= len=0
302 GET https://image8.pubmatic.com/AdServer/ImgSync?p=161673&gdpr=0&gdpr_consent=&pu=https%3A%2F%2Fimage4.pubmatic.com%2FAdServer%2FSPug%3FpartnerID%3D161673%26pmc%3DPM_PMC%26pr%3Dhttps%253A%252F%252Fcm.mgid.com%252Fm%253Fcdsp% ct=text/html; charset=utf-8 len=269
200 GET https://ads.pubmatic.com/AdServer/js/user_sync.html?gdpr=0&gdpr_consent=&p=160295&predirect=https%3A%2F%2Fcs-server-s2s.yellowblue.io%2Fcs%3Ffwrd%3D1%26aid%3D11576%26id%3D ct=text/html len=7463
200 GET https://aa.agkn.com/adscores/g.pixel?sid=9212325768&puid=q8sGOSwz-Sp3 ct=image/gif len=43
200 GET https://token.rubiconproject.com/khaos.json?gdpr=0&us_privacy={CCPA_CONSENT} ct=application/json; charset=UTF-8 len=7
302 GET https://sync.1rx.io/usersync2/rmphb?gdpr=0&gdpr_consent=&redir=https%3A%2F%2Fcs-server-s2s.yellowblue.io%2Fcs%3Ffwrd%3D1%26aid%3D11599%26uid%3D%5BRX_UUID%5D&us_privacy=%5BUS_PRIVACY%5D ct=text/html len=
302 GET https://sync.go.sonobi.com/us?consent_string=&gdpr=0&loc=https%3A%2F%2Fcs-server-s2s.yellowblue.io%2Fcs%3Ffwrd%3D1%26aid%3D115667%26uid%3D%5BUID%5D ct=text/plain; charset=utf8 len=0
302 GET https://image8.pubmatic.com/AdServer/ImgSync?p=161673&gdpr=0&gdpr_consent=&pu=https%3A%2F%2Fimage4.pubmatic.com%2FAdServer%2FSPug%3FpartnerID%3D161673%26pmc%3DPM_PMC%26pr%3Dhttps%253A%252F%252Fcm.mgid.com%252Fm%253Fcdsp% ct=text/html; charset=utf-8 len=269
200 GET https://s.seedtag.com/cs/cookiesync/prebid?gdpr=0&gdpr_consent=%5BGDPR_CONSENT%5D&gpp=%5BGPP%5D&gpp_sid=%5BGPP_SID%5D&redirect=https%3A%2F%2Fcs-server-s2s.yellowblue.io%2Fcs%3Ffwrd%3D1%26aid%3D11623%26rid%3Drdgp2KwcCp_s% ct=text/html; charset=utf-8 len=
302 GET https://image8.pubmatic.com/AdServer/ImgSync?p=161673&gdpr=0&gdpr_consent=&pu=https%3A%2F%2Fimage4.pubmatic.com%2FAdServer%2FSPug%3FpartnerID%3D161673%26pmc%3DPM_PMC%26pr%3Dhttps%253A%252F%252Fcm.mgid.com%252Fm%253Fcdsp% ct=text/html; charset=utf-8 len=183
200 GET https://pippio.com/api/sync?pid=5324&_=2 ct=image/gif len=42
302 GET https://ms-cookie-sync.presage.io/user-sync?gdpr=0&gdpr_consent%5BGDPR_CONSENT%5D=&gpp=%5BGPP%5D&gpp_sid=%5BGPP_SID%5D&partner=prebids2s&redirect=https%3A%2F%2Fcs-server-s2s.yellowblue.io%2Fcs%3Ffwrd%3D1%26aid%3D11624%26 ct=text/html; charset=utf-8 len=147
302 GET https://ssp.disqus.com/redirectuser?gdpr=0&gdpr_consent=%5BGDPR_CONSENT%5D&gpp=%5BGPP%5D&gpp_sid=%5BGPP_SID%5D&r=https%3A%2F%2Fcs-server-s2s.yellowblue.io%2Fcs%3Ffwrd%3D1%26aid%3D11612%26id%3D%24UID&sid=716&us_privacy=%5 ct= len=0
200 GET https://cs-server-s2s.yellowblue.io/cs?fwrd=1&aid=11624&id=5be9bd3b-bd35-424e-863d-2b3682d7973b&source=prebids2s ct=application/javascript len=0
200 GET https://prebid.a-mo.net/cchain/0?gdpr=0&gdpr_consent=&us_privacy=&cb=https%3A%2F%2Fssp.disqus.com%2Fmatch%3Fbidder%3D6%26r%3DCid1YS0wM2JlYTgzOC04NzU4LTNiOGUtYjc4Ny1kMmM1NDU0NDE4OWUqYmh0dHBzOi8vY3Mtc2VydmVyLXMycy55ZWxsb3d ct=text/html; charset=utf-8 len=
200 GET https://rtb.gumgum.com/usync/16112?gdpr=0&gdpr_consent=&r=https%3A%2F%2Fcs-server-s2s.yellowblue.io%2Fcs%3Ffwrd%3D1%26aid%3D11616%26id%3D ct= len=0
302 GET https://sync.rbstsystems.live/psync?cb=https%3A%2F%2Fcs-server-s2s.yellowblue.io%2Fcs%3Ffwrd%3D1%26aid%3D11638%26id%3D%25USER_ID%25&e=311&t=s ct= len=
307 GET https://ap.lijit.com/pixel?gdpr=0&gdpr_consent=&gpp=gpp_sid=&redir=https%3A%2F%2Fsync.rbstsystems.live%2Fpsync%3Ft%3Dd%26e%3D3111222%26u%3D%24UID ct= len=0
200 GET https://token.rubiconproject.com/khaos.json?gdpr=0 ct=application/json; charset=UTF-8 len=7
302 GET https://cm.g.doubleclick.net/pixel?google_nid=pubmatic&google_hm=MEE2MTE4NTYtRkMxRi00ODEyLUE5OEUtRDRGNTc4RjEzMTMz&gdpr=0&gdpr_consent=&google_cm ct=text/html; charset=UTF-8 len=379
302 GET https://eb2.3lift.com/getuid?cmp_cs=&gdpr=0&redir=https%3A%2F%2Fcs-server-s2s.yellowblue.io%2Fcs%3Ffwrd%3D1%26aid%3D11602%26rid%3Drdgp2KwcCp_s%26id%3D%24UID ct= len=0
302 GET https://image8.pubmatic.com/AdServer/ImgSync?p=161673&gdpr=0&gdpr_consent=&pu=https%3A%2F%2Fimage4.pubmatic.com%2FAdServer%2FSPug%3FpartnerID%3D161673%26pmc%3DPM_PMC%26pr%3Dhttps%253A%252F%252Fcm.mgid.com%252Fm%253Fcdsp% ct=text/html; charset=utf-8 len=198
302 GET https://s.ad.smaato.net/c/?adExInit=rise&gdpr=0&gdpr_consent=&redir=https%3A%2F%2Fcs-server-s2s.yellowblue.io%2Fcs%3Ffwrd%3D1%26aid%3D11574%26id%3D%24UID ct= len=5
302 GET https://sync.rbstsystems.live/psync?t=d&e=3111222&u=Naqx0LZHAaDnjIrCYWdbe0Zl ct= len=
200 GET https://cs-server-s2s.yellowblue.io/cs?fwrd=1&aid=11599&uid=OPTOUT&us_privacy= ct=application/javascript len=0
307 GET https://ib.adnxs.com/getuid?https%3A%2F%2Fcm.mgid.com%2Fm%3Fcdsp%3D834104%26c%3D%24UID&gdpr=0&gdpr_consent=&gpp=${GPP_STRING}&gpp_sid= ct=text/html; charset=utf-8 len=0
200 GET https://cs-server-s2s.yellowblue.io/cs?fwrd=1&aid=11638&id=222.Naqx0LZHAaDnjIrCYWdbe0Zl ct=application/javascript len=0
200 GET https://cs-server-s2s.yellowblue.io/cs?fwrd=1&aid=115667&uid=f8c97cba-1cf4-4178-abf1-c2e493b236a3 ct=application/javascript len=0
302 GET https://match.360yield.com/match?external_user_id=q8sGOSwz-Sp3&publisher_dsp_id=489&dsp_callback=1&&gdpr=0&gdpr_consent=&r=https%3A%2F%2Fcm.mgid.com%2Fm%3Fcdsp%3D834124%26c%3D%7BPUB_USER_ID%7D ct= len=0
302 GET https://ssbsync.smartadserver.com/api/sync?callerId=77&gdpr=0&gdpr_consent= ct= len=0
302 GET https://ssbsync.smartadserver.com/api/sync?callerId=155&gdpr=0&gdpr_consent=&url=https%3A%2F%2Fcm.mgid.com%2Fm%3Fcdsp%3D834126%26c%3D%5Bsas_sync_pid%5D%26nwid%3D4577 ct= len=0
302 GET https://cs.media.net/cksync?cs=99&type=mgi&gdpr=0&gdpr_consent=&gpp=${GPP}&gpp_sid=&redirect=https%3A%2F%2Fcm.mgid.com%2Fm%3Fcdsp%3D11%26c%3D%3Cvsid%3E ct=text/html; charset=utf-8 len=124
307 GET https://secure.adnxs.com/getuid?https%3A%2F%2Fcs-server-s2s.yellowblue.io%2Fcs%3Ffwrd%3D1%26aid%3D11596%26id%3D%24UID&gdpr=0&gdpr_consent= ct=text/html; charset=utf-8 len=0
302 GET https://prebid.a-mo.net/cchain/0?gdpr=0&gdpr_consent=&us_privacy={CCPA_CONSENT}&cb=https%3A//cm.mgid.com/m%3Fcdsp%3D779131%26c%3D ct= len=0
302 GET https://b1sync.outbrain.com/usersync/mgid/?puid=q8sGOSwz-Sp3&gdpr=0&gdpr_consent=&us_privacy={CCPA_CONSENT}&cb=https%3A%2F%2Fcm.mgid.com%2Fm%3Fcdsp%3D834142%26c%3D__UID__ ct=text/html; charset=utf-8 len=194
302 GET https://prebid-match.dotomi.com/match/bounce/current?gdpr=0&gdpr_consent=&networkId=72582&rurl=https%3A%2F%2Fcs-server-s2s.yellowblue.io%2Fcs%3Ffwrd%3D1%26aid%3D11617%26uid%3D&us_privacy=%5BUS_PRIVACY%5D&version=1 ct= len=0
302 GET https://match.sharethrough.com/universal/v1?gdpr=0&gdpr_consent=&supply_id=5926d422 ct= len=0
302 GET https://rtb.openx.net/sync/prebid?gdpr=0&gdpr_consent=&r=https%3A%2F%2Fcs-server-s2s.yellowblue.io%2Fcs%3Ffwrd%3D1%26aid%3D11563%26uid%3D%24%7BUID%7D ct= len=0
302 GET https://rtb-usw.mfadsrvr.com/sync?ssp=mgid ct= len=0
302 GET https://pixel-us-west.rubiconproject.com/exchange/sync.php?p=mgid&gdpr=0&gdpr_consent=&us_privacy=%7BCCPA_CONSENT%7D&gdpr=0&us_privacy=%7BCCPA_CONSENT%7D&khaos=MUL3QG4I-21-FRZS ct=text/html len=0
302 GET https://ssp-sync.criteo.com/user-sync/redirect?profile=342&gdpr_consent=&gdpr=0&gpp=&gpp_sid=&redir=https%3A%2F%2Fcm.mgid.com%2Fm%3Fcdsp%3D834177%26c%3D%24%7BCRITEO_USER_ID%7D ct= len=0
302 GET https://eb2.3lift.com/getuid?ld=1&gdpr=0&cmp_cs=&us_privacy=&redir=https%3A%2F%2Fcs-server-s2s.yellowblue.io%2Fcs%3Ffwrd%3D1%26aid%3D11602%26rid%3Drdgp2KwcCp_s%26id%3D%24UID ct= len=0
200 GET https://cs-server-s2s.yellowblue.io/cs?fwrd=1&aid=11574&id=ef9f62bc68 ct=application/javascript len=0
302 GET https://creativecdn.com/cm-notify?pi=mgid&gdpr=0&gdpr_consent=&gpp=${GPP_STRING}&gpp_sid= ct= len=0
302 GET https://creativecdn.com/cm-notify?pi=rise ct= len=0
302 GET https://ib.adnxs.com/bounce?%2Fgetuid%3Fhttps%253A%252F%252Fcm.mgid.com%252Fm%253Fcdsp%253D834104%2526c%253D%2524UID%26gdpr%3D0%26gdpr_consent%3D%26gpp%3D%24%7BGPP_STRING%7D%26gpp_sid%3D ct=text/html; charset=utf-8 len=0
200 GET https://jadserve.postrelease.com/suid/102050?gdpr=0&gdpr_consent=%5BGDPR_CONSENT%5D&ntv_gpp_consent=%5BGPP%5D&ntv_r=https%3A%2F%2Fcs-server-s2s.yellowblue.io%2Fcs%3Ffwrd%3D1%26aid%3D11618%26id%3DNTV_USER_ID ct=image/gif len=43
302 GET https://bh.contextweb.com/bh/rtset?ev=1&gdpr=0&gdpr_consent=&pid=562615&rurl=https%3A%2F%2Fcs-server-s2s.yellowblue.io%2Fcs%3Ffwrd%3D1%26aid%3D11592%26uid%3D%25%25VGUID%25%25&us_privacy=%5BUS_PRIVACY%5D ct= len=
302 GET https://match.360yield.com/ul_cb/match?external_user_id=q8sGOSwz-Sp3&publisher_dsp_id=489&dsp_callback=1&&gdpr=0&gdpr_consent=&r=https%3A%2F%2Fcm.mgid.com%2Fm%3Fcdsp%3D834124%26c%3D%7BPUB_USER_ID%7D ct= len=0
302 GET https://secure.adnxs.com/bounce?%2Fgetuid%3Fhttps%253A%252F%252Fcs-server-s2s.yellowblue.io%252Fcs%253Ffwrd%253D1%2526aid%253D11596%2526id%253D%2524UID%26gdpr%3D0%26gdpr_consent%3D ct=text/html; charset=utf-8 len=0
302 GET https://b1sync.outbrain.com/usersync/mgid/?cb=https%3A%2F%2Fcm.mgid.com%2Fm%3Fcdsp%3D834142%26c%3D__UID__&gdpr=0&gdpr_consent=&puid=q8sGOSwz-Sp3&s=3&us_privacy=%7BCCPA_CONSENT%7D ct=text/html; charset=utf-8 len=140
302 GET https://prebid-match.dotomi.com/match/bounce/current?DotomiTest=4e012e78662f23b3&is_secure=true&gdpr=0&gdpr_consent=&networkId=72582&rurl=https%3A%2F%2Fcs-server-s2s.yellowblue.io%2Fcs%3Ffwrd%3D1%26aid%3D11617%26uid%3D&u ct= len=0
200 GET https://cs-server-s2s.yellowblue.io/cs?fwrd=1&aid=11602&rid=rdgp2KwcCp_s&id=507751864630567847337 ct=application/javascript len=0
200 GET https://cs-server-s2s.yellowblue.io/cs?fwrd=1&aid=11592&uid=2CWJgIBbsW6T&ev=1&us_privacy=[US_PRIVACY]&gdpr_consent=&pid=562615&gdpr=0 ct=application/javascript len=0
200 GET https://cm.mgid.com/m?cdsp=834126&c=4316713059924783614&nwid=4577 ct=image/gif len=43
302 GET https://image4.pubmatic.com/AdServer/SPug?gdpr=0&partnerID=161673&pmc=1&pr=https%3A%2F%2Fcm.mgid.com%2Fm%3Fcdsp%3D712807%26c%3D0A611856-FC1F-4812-A98E-D4F578F13133 ct= len=
400 GET https://cm.mgid.com/m?cdsp=11&c=4335927425206123000V10 ct=text/plain; charset=utf-8 len=11
CONSOLE error: Failed to load resource: the server responded with a status of 400 ()
200 GET https://image2.pubmatic.com/AdServer/Pug?vcode=bz0yJnR5cGU9MSZjb2RlPTIxNzcmdGw9MTI5NjAw&gdpr=0&gdpr_consent=&piggybackCookie=CAESENi2R2s_XtTiINRKNXWgXyI&google_cver=1 ct=image/gif; charset=utf-8 len=42
302 GET https://pixel-us-east.rubiconproject.com/exchange/sync.php?p=rise_engage&gdpr_consent=undefined&gdpr=0&khaos=MUL3QG4I-21-FRZS ct=text/html len=0
200 GET https://cm.mgid.com/m?cdsp=834104&c=8634559812245746265&gdpr=0&gdpr_consent=&gpp=${GPP_STRING}&gpp_sid= ct=image/gif len=43
200 GET https://cs-server-s2s.yellowblue.io/cs?fwrd=1&aid=11623&rid=rdgp2KwcCp_s&id=01a0e78c-8b45-76df-bc58-bf3df759a90a ct=application/javascript len=0
200 GET https://cm.mgid.com/m?cdsp=43070&c=MUL3QG4I-21-FRZS&gdpr=0&us_privacy={CCPA_CONSENT} ct=image/gif len=43
200 GET https://cs.yellowblue.io/cs?aid=11600&id=1458029471052018049&gdpr=0&gdpr_consent= ct=application/javascript len=0
200 GET https://cs-server-s2s.yellowblue.io/cs?fwrd=1&aid=11596&id=8634559812245746265&gdpr=0&gdpr_consent= ct=application/javascript len=0
200 GET https://cs-server-s2s.yellowblue.io/cs?fwrd=1&aid=11617&uid=AQAA1aNeKOCj-gIx52WCAQEBAQEBAQCh5o2NfwEBAKHmjY1_&expiration=1790677543 ct=application/javascript len=0
200 GET https://cm.mgid.com/m?cdsp=834124&c=a6e5aa1e-c115-408c-b5fb-c80db6ae0c86 ct=image/gif len=43
302 GET https://hbx.media.net/cksync.php?bidder=medianet&cs=1&gdpr=0&gdpr_consent=&gpp=%5BGPP%5D&gpp_sid=%5BGPP_SID%5D&ovsid=%7B%7BAPID%7D%7D&redirect=https%3A%2F%2Fcs-server-s2s.yellowblue.io%2Fcs%3Ffwrd%3D1%26aid%3D11585%26id% ct=text/html; charset=utf-8 len=155
200 GET https://cm.mgid.com/m?cdsp=834142&c=94304c46-f420-4df4-b5a6-6a5f6b19a6eb&gdpr=0&us_privacy={CCPA_CONSENT} ct=image/gif len=43
302 GET https://ssp-sync.criteo.com/user-sync/redirect?gdpr=0&gdpr_consent=&profile=342&redir=https%3A%2F%2Fcs-server-s2s.yellowblue.io%2Fcs%3Ffwrd%3D1%26aid%3D11614%26id%3D%24%7BCRITEO_USER_ID%7D ct= len=0
200 GET https://cs.yellowblue.io/cs?aid=11590&id=MUL3QG4I-21-FRZS&gdpr=0&gdpr_consent=undefined ct=application/javascript len=0
200 GET https://cs.yellowblue.io/cs?aid=11587&uid=d07d227e-d156-4997-b070-405b8a6f061f&gdpr=0 ct=application/javascript len=0
302 GET https://rtb-usw.mfadsrvr.com/ul_cb/sync?ssp=mgid ct= len=0
200 GET https://cm.mgid.com/m?cdsp=712807&c=0A611856-FC1F-4812-A98E-D4F578F13133 ct=image/gif len=43
302 GET https://rtb.openx.net/sync/prebid?gdpr=0&gdpr_consent=&r=https%3A%2F%2Fcs-server-s2s.yellowblue.io%2Fcs%3Ffwrd%3D1%26aid%3D11563%26uid%3D%24%7BUID%7D&ox_sc=1 ct= len=0
302 GET https://cm.g.doubleclick.net/pixel?google_nid=rubicon&google_cm&google_sc&process_consent=T&gdpr=0&us_privacy={CCPA_CONSENT} ct=text/html; charset=UTF-8 len=337
302 GET https://token.rubiconproject.com/token?pid=2974&pt=n&a=1&gdpr=0&us_privacy={CCPA_CONSENT} ct= len=0
200 GET https://cs-server-s2s.yellowblue.io/cs?fwrd=1&aid=11585&id=4335927425206123000V10 ct=application/javascript len=0
204 POST https://analytics.google.com/g/collect?v=2&tid=G-18L2PWS977&gtm=45je69n1v872651491za20gzb9262207942zd9262207942xf1&_p=1790591139185&gcd=13l3l3l3l1l1&npa=0&dma=0&tcfd=10000&_eu=EEAAAGQC&ae=a&cid=1361015002.1790591140&frm= ct=text/plain len=0
200 GET https://cm.mgid.com/m?cdsp=287839&c=16f253fd-e682-422c-8dfd-8f1abc576e32 ct=image/gif len=43
302 GET https://creativecdn.com/cm-notify?pi=rise&tc=1 ct= len=0
302 GET https://creativecdn.com/cm-notify?pi=mgid&gdpr=0&gdpr_consent=&gpp=${GPP_STRING}&gpp_sid=&tc=1 ct= len=0
200 GET https://cs-server-s2s.yellowblue.io/cs?fwrd=1&aid=11563&uid=3fa861e8-4bc7-442b-aab7-cb0c86d44e2c&gdpr=0 ct=application/javascript len=0
302 GET https://token.rubiconproject.com/token?pid=2249&pt=n&gdpr=0&us_privacy={CCPA_CONSENT} ct= len=0
302 GET https://ads.yieldmo.com/pbsync?is=adptmx&gdpr=0&us_privacy=1---&redirectUri=https%3A%2F%2Fuse3-sync.a-mo.net%2Fcchain%2F0%2F30361%3Fgdpr%3D0%26gdpr_consent%3D%26A%3Dc6406cb8-b2a2-4c08-be6c-98972ed9a5ef%26bidder%3Dyieldmo ct=application/json;charset=utf-8 len=0
302 GET https://ads.yieldmo.com/pbsync?gdpr=0&gdpr_consent=&is=rise&redirectUri=https%3A%2F%2Fcs-server-s2s.yellowblue.io%2Fcs%3Ffwrd%3D1%26aid%3D11584%26uid%3D%24UID&us_privacy= ct=application/json;charset=utf-8 len=0
302 GET https://token.rubiconproject.com/token?pid=36584&gdpr=0&us_privacy={CCPA_CONSENT} ct= len=0
302 GET https://token.rubiconproject.com/token?pid=25470&gdpr=0&us_privacy={CCPA_CONSENT} ct= len=0
302 GET https://token.rubiconproject.com/token?pid=37556&a=1&gdpr=0&us_privacy={CCPA_CONSENT} ct= len=0
302 GET https://pixel.rubiconproject.com/exchange/sync.php?p=a9us&gdpr=0&us_privacy={CCPA_CONSENT} ct=text/html len=0
302 GET https://sync.ingage.tech/?gdpr=0&gdpr_consent=&r=https%3A%2F%2Fcs-server-s2s.yellowblue.io%2Fcs%3Ffwrd%3D1%26aid%3D11625%26id%3D%24UID%26gdpr%3D%5BGDPR%5D%26gdpr_consent%3D%5BUSER_CONSENT%5D%26us_privacy%3D%5BUS_PRIVACY% ct=image/gif len=42
200 GET https://cs.yellowblue.io/cs?aid=11610&id=AgrikhguIVylEloPuqlhQYIUEHXvFqUh2kuj57fqKtU&pi=rise&tc=1 ct=application/javascript len=0
200 GET https://a.amxrtb.com/js/cframe.js ct=text/javascript len=
302 GET https://match.adsrvr.org/track/cmf/rubicon?gdpr=0&us_privacy={CCPA_CONSENT} ct= len=181
200 GET https://cs-server-s2s.yellowblue.io/cs?fwrd=1&aid=11584&uid=wRAumLL__uLrFdIhKTIi&gdpr=0&gdpr_consent=&us_privacy= ct=application/javascript len=0
302 GET https://s.amazon-adsystem.com/dcm?pid=50cd21b7-d8d7-4615-9fb9-a2be831f8488&id=&gdpr=0&us_privacy={CCPA_CONSENT} ct= len=0
200 GET https://cm.g.doubleclick.net/pixel?google_nid=rubicon&google_hm=MGU0MWY4Yzc5NGE0NWI2YmI1MDUwMWMzYzZhNWE5YmFlZWI0ZGQwZg&gdpr=0&us_privacy={CCPA_CONSENT} ct=image/png len=170
302 GET https://cm.g.doubleclick.net/pixel?google_nid=rp&google_cm&google_hm=TVVMM1FHNEktMjEtRlJaUw==&gdpr=0&us_privacy={CCPA_CONSENT} ct=text/html; charset=UTF-8 len=325
200 GET https://pixel.rubiconproject.com/tap.php?v=7751&nid=2249&expires=30&gdpr=0&put=CAESEKwumOdx-EFupvsfp8cy9nY&google_cver=1 ct=image/gif len=42
200 GET https://cm.mgid.com/m?cdsp=501037&c=AgrikhguIVylEloPuqlhQYIUEHXvFqUh2kuj57fqKtU&pi=mgid&gdpr=0&gdpr_consent=&gpp=%24%7BGPP_STRING%7D&gpp_sid=&tc=1 ct=image/gif len=43
200 GET https://s.amazon-adsystem.com/ecm3?id=MUL3QG4I-21-FRZS&ex=d-rubiconproject.com&status=ok&gdpr=0&us_privacy={CCPA_CONSENT} ct=image/gif len=43
200 GET https://cs-server-s2s.yellowblue.io/cs?fwrd=1&aid=11625&id=1b2c3f76-bd35-43c1-b6eb-8ed48715d547&gdpr=%5BGDPR%5D&gdpr_consent=%5BUSER_CONSENT%5D&us_privacy=%5BUS_PRIVACY%5D&gdpr=0&gdpr_consent=&us_privacy=%5BUS_PRIVACY%5D ct=application/javascript len=0
400 GET https://ups.analytics.yahoo.com/ups/58912/cms?uid=0JMyirIbyNOmIGdUonHDTMn5EUdSAgOZEtemQ7w0kco&csrc=&gdpr=0&us_privacy={CCPA_CONSENT} ct= len=0
CONSOLE error: Failed to load resource: the server responded with a status of 400 ()
302 GET https://pixel.rubiconproject.com/exchange/sync.php?p=19564&gdpr=0&us_privacy={CCPA_CONSENT} ct=text/html len=0
302 GET https://pixel.rubiconproject.com/exchange/sync.php?p=dfp&gdpr=0&google_gid=CAESEAUWBJyDytcKtVBez0zkm4Q&google_cver=1 ct=text/html len=0
302 GET https://ssp.disqus.com/match?bidder=6&r=Cid1YS0wM2JlYTgzOC04NzU4LTNiOGUtYjc4Ny1kMmM1NDU0NDE4OWUqYmh0dHBzOi8vY3Mtc2VydmVyLXMycy55ZWxsb3dibHVlLmlvL2NzP2Z3cmQ9MSZhaWQ9MTE2MTImaWQ9dWEtMDNiZWE4MzgtODc1OC0zYjhlLWI3ODctZDJjNTQ1 ct= len=0
302 GET https://match.adsrvr.org/track/cmb/rubicon?gdpr=0&us_privacy={CCPA_CONSENT} ct= len=289
302 GET https://dis.criteo.com/dis/usersync.aspx?r=73&p=342&dis=0&url=https%3a%2f%2fssp-sync.criteo.com%2fuser-sync%2fredirect%3fuid%3d%40%40CRITEO_USERID%40%40%26dised%3dtrue%26gdpr%3d%26gdprapplies%3dFalse%26ccpa%3d%26gpp%3d%2 ct= len=0
302 GET https://dis.criteo.com/dis/usersync.aspx?r=73&p=342&dis=0&url=https%3a%2f%2fssp-sync.criteo.com%2fuser-sync%2fredirect%3fuid%3d%40%40CRITEO_USERID%40%40%26dised%3dtrue%26gdpr%3d%26gdprapplies%3dFalse%26ccpa%3d%26gpp%3d%2 ct= len=0
302 GET https://ssc-cms.33across.com/ps/?ri=0015a00002hdV5tAAE&ru=https%3A%2F%2Fcs-server-s2s.yellowblue.io%2Fcs%3Ffwrd%3D1%26aid%3D11580%26puid%3D33XUSERID33X ct= len=0
200 GET https://cm.g.doubleclick.net/pixel?google_nid=rp&google_hm=TVVMM1FHNEktMjEtRlJaUw==&google_push=&gdpr=0 ct=image/png len=170
302 GET https://pixel.rubiconproject.com/exchange/sync.php?p=pbs-yahoo-exchange&gdpr=0&us_privacy={CCPA_CONSENT} ct=text/html len=0
302 GET https://pixel.rubiconproject.com/exchange/sync.php?p=sovrn&gdpr=0&us_privacy={CCPA_CONSENT} ct=text/html len=0
303 GET https://match.prod.bidr.io/cookie-sync/rp?bee_sync_partners=rp&gdpr=0&us_privacy={CCPA_CONSENT} ct= len=0
302 GET https://aax-eu.amazon-adsystem.com/s/dcm?pid=a38a8ddf-19a7-4ab8-ba05-0a61de92a7e5&id=&gdpr=0&us_privacy={CCPA_CONSENT} ct= len=0
200 GET https://s.amazon-adsystem.com/dcm?pid=50cd21b7-d8d7-4615-9fb9-a2be831f8488&id=&gdpr=0&us_privacy={CCPA_CONSENT}&dcc=t ct=image/gif len=43
302 GET https://ssp-sync.criteo.com/user-sync/redirect?uid=f1f22afa-7d8a-491f-80f2-494ca0bfe680&dised=true&gdpr=&gdprapplies=False&ccpa=&gpp=&gpp_sid=&profile=342&redir=https%3A%2F%2Fcs-server-s2s.yellowblue.io%2Fcs%3Ffwrd%3D1%2 ct= len=0
302 GET https://ssp-sync.criteo.com/user-sync/redirect?uid=268304bb-d5ba-466b-9c1b-77cde9f29f01&dised=true&gdpr=&gdprapplies=False&ccpa=&gpp=&gpp_sid=&profile=342&redir=https%3A%2F%2Fcm.mgid.com%2Fm%3Fcdsp%3D834177%26c%3D%24{CRI ct= len=0
302 GET https://b1sync.outbrain.com/usersync/disqus?puid=ua-03bea838-8758-3b8e-b787-d2c54544189e&gdpr=0&gdpr_consent=&us_privacy=&cb=https%3A%2F%2Fssp.disqus.com%2Fmatch%3Fbidder%3D33%26buyeruid%3D__UID__%26r%3DCid1YS0wM2JlYTgzO ct=text/html; charset=utf-8 len=337
200 GET https://px.ads.linkedin.com/setuid?partner=rubiconDb&dbredirect=true&ruxId=MUL3QG4I-21-FRZS&gdpr=0&us_privacy={CCPA_CONSENT} ct= len=0
302 GET https://rtb.mfadsrvr.com/sync?gdpr=0&gdpr_consent=&redir=https%3A%2F%2Fcs-server-s2s.yellowblue.io%2Fcs%3Ffwrd%3D1%26aid%3D11611%26uid%3D%24%7BUUID%7D&ssp=rise ct= len=0
200 GET https://pixel.rubiconproject.com/tap.php?v=8981&nid=2307&put=488b13d5-04f7-420d-b7ee-9ef78888759c&gdpr=0&gdpr_consent=&expires=30 ct=image/gif len=42
200 GET https://cs-server-s2s.yellowblue.io/cs?fwrd=1&aid=11580&puid=214021117320119 ct=application/javascript len=0
303 GET https://match.prod.bidr.io/cookie-sync/rp?bee_sync_partners=rp&gdpr=0&us_privacy=%7BCCPA_CONSENT%7D&_bee_ppp=1 ct= len=0
302 GET https://ssp.disqus.com/match?bidder=33&buyeruid=94304c46-f420-4df4-b5a6-6a5f6b19a6eb&r=Cid1YS0wM2JlYTgzOC04NzU4LTNiOGUtYjc4Ny1kMmM1NDU0NDE4OWUqYmh0dHBzOi8vY3Mtc2VydmVyLXMycy55ZWxsb3dibHVlLmlvL2NzP2Z3cmQ9MSZhaWQ9MTE2MTIma ct= len=0
200 GET https://capi.connatix.com/us/pixel?puid=MUL3QG4I-21-FRZS&pId=11&gdpr=&gdpr_consent=&us_privacy=&gdpr=0&us_privacy={CCPA_CONSENT} ct=text/plain;charset=UTF-8 len=0
200 GET https://cs.yellowblue.io/cs?aid=11611&id=16f253fd-e682-422c-8dfd-8f1abc576e32 ct=application/javascript len=0
200 GET https://pixel.rubiconproject.com/tap.php?v=183462&nid=4114&put=ABWX_07VdIEAAAIQiR3dqA&expires=30&gdpr=0 ct=image/gif len=42
200 GET https://cs-server-s2s.yellowblue.io/cs?fwrd=1&aid=11612&id=ua-03bea838-8758-3b8e-b787-d2c54544189e ct=application/javascript len=0
302 GET https://pixel.tapad.com/idsync/ex/receive?partner_id=3355&partner_device_id=MUL3QG4I-21-FRZS&gdpr=0&us_privacy={CCPA_CONSENT} ct= len=0
200 GET https://cm.adform.net/cookie?redirect_url=https%3A%2F%2Fcs-server-s2s.yellowblue.io%2Fcs%3Ffwrd%3D1%26aid%3D11606%26gdpr%3D%5BGDPR%5D%26gdpr_consent%3D%5BUSER_CONSENT%5D%26uid%3D%24UID ct=image/gif len=
200 GET https://pbs.yahoo.com/setuid?bidder=rubicon&uid=MUL3QG4I-21-FRZS&gdpr=0&us_privacy={CCPA_CONSENT} ct=image/png len=86
302 GET https://pixel.rubiconproject.com/exchange/sync.php?p=pbs-adaptmx&gdpr=0&gdpr_consent=&us_privacy= ct=text/html len=0
302 GET https://ads.yieldmo.com/pbsync?is=adptmx&gdpr=0&gdpr_consent=&us_privacy=&redirectUri=https%3A%2F%2Fuse3-sync.a-mo.net%2Fsetuid%3Fbidder%3Dyieldmo%26A%3D60df0531-a452-4d64-a65e-e174f8a089d8%26uid%3D%24UID ct=application/json;charset=utf-8 len=0
302 GET https://image8.pubmatic.com/AdServer/ImgSync?p=158355&gdpr=0&gdpr_consent=&us_privacy=&pu=https%3A%2F%2Fuse3-sync.a-mo.net%2Fsetuid%3Fbidder%3Dpubmatic%26A%3D60df0531-a452-4d64-a65e-e174f8a089d8%26uid%3D%23PMUID ct=text/html; charset=utf-8 len=175
302 GET https://eb2.3lift.com/getuid?gdpr=0&cmp_cs=&us_privacy=&redir=https%3A%2F%2Fuse3-sync.a-mo.net%2Fsetuid%3Fbidder%3Dtriplelift%26A%3D60df0531-a452-4d64-a65e-e174f8a089d8%26uid%3D%24UID ct= len=0
307 GET https://ap.lijit.com/pixel?gdpr=0&gdpr_consent=&us_privacy=&redir=https%3A%2F%2Fuse3-sync.a-mo.net%2Fsetuid%3Fbidder%3Dsovrn%26A%3D60df0531-a452-4d64-a65e-e174f8a089d8%26uid%3D%24UID ct= len=0
302 GET https://ib.adnxs.com/getuid?https%3A%2F%2Fuse3-sync.a-mo.net%2Fsetuid%3Fbidder%3Dappnexus%26A%3D60df0531-a452-4d64-a65e-e174f8a089d8%26uid%3D%24UID ct=text/html; charset=utf-8 len=0
302 GET https://match.sharethrough.com/universal/v1?supply_id=a6a34444&gdpr=0&gdpr_consent=&us_privacy=&cb=https%3A%2F%2Fuse3-sync.a-mo.net%2Fsetuid%3Fbidder%3Dsharethrough%26A%3D60df0531-a452-4d64-a65e-e174f8a089d8%26uid%3D ct= len=0
302 GET https://use3-sync.a-mo.net/cchain/0/30361?gdpr_consent=&A=c6406cb8-b2a2-4c08-be6c-98972ed9a5ef&bidder=yieldmo&cbx=aHR0cHM6Ly9jbS5tZ2lkLmNvbS9tP2Nkc3A9Nzc5MTMxJmM9&uid=wRAumLL__uL_Ujb17Hqd&gdpr=0&us_privacy=1--- ct= len=0
302 GET https://cs.admanmedia.com/77bb8e39d66271fda1db01d45766b9d9.gif?gdpr=0&gdpr_consent=%5BGDPR_CONSENT%5D&redir=https%3A%2F%2Fcs-server-s2s.yellowblue.io%2Fcs%3Ffwrd%3D1%26aid%3D11559%26id%3D%5BUID%5D ct= len=0
302 GET https://ssbsync-global.smartadserver.com/api/sync?callerId=5&gdpr=0&gdpr_consent=&us_privacy=&redirectUri=https%3A%2F%2Fuse3-sync.a-mo.net%2Fsetuid%3Fbidder%3Dsmartadserver%26A%3D60df0531-a452-4d64-a65e-e174f8a089d8%26ui ct= len=0
302 GET https://rtb.openx.net/sync/prebid?gdpr=0&gdpr_consent=&us_privacy=&r=https%3A%2F%2Fuse3-sync.a-mo.net%2Fsetuid%3Fbidder%3Dopenx%26A%3D60df0531-a452-4d64-a65e-e174f8a089d8%26uid%3D%24%7BUID%7D ct= len=0
204 GET https://use3-sync.a-mo.net/setuid?bidder=yieldmo&A=60df0531-a452-4d64-a65e-e174f8a089d8&uid=wRAumLL__uLrFdIhKTIi&gdpr=0&gdpr_consent=&us_privacy= ct= len=0
200 GET https://pixel.tapad.com/idsync/ex/receive/check?partner_id=3355&partner_device_id=MUL3QG4I-21-FRZS&gdpr=0&us_privacy={CCPA_CONSENT} ct=image/png len=95
200 GET https://cs-server-s2s.yellowblue.io/cs?fwrd=1&aid=11559&id=884641d6-5f54-439c-8f0a-4d07a8b2d3e5 ct=application/javascript len=0
204 GET https://use3-sync.a-mo.net/setuid?bidder=triplelift&A=60df0531-a452-4d64-a65e-e174f8a089d8&uid=507751864630567847337 ct= len=0
204 GET https://use3-sync.a-mo.net/setuid?bidder=sovrn&A=60df0531-a452-4d64-a65e-e174f8a089d8&uid=Naqx0LZHAaDnjIrCYWdbe0Zl ct= len=0
204 GET https://use3-sync.a-mo.net/setuid?bidder=appnexus&A=60df0531-a452-4d64-a65e-e174f8a089d8&uid=8634559812245746265 ct= len=0
204 GET https://use3-sync.a-mo.net/setuid?bidder=smartadserver&A=60df0531-a452-4d64-a65e-e174f8a089d8&uid=4316713059924783614 ct= len=0
204 GET https://use3-sync.a-mo.net/setuid?bidder=openx&A=60df0531-a452-4d64-a65e-e174f8a089d8&uid=3fa861e8-4bc7-442b-aab7-cb0c86d44e2c&gdpr=0 ct= len=0
302 GET https://cm.g.doubleclick.net/pixel?google_nid=pmeb&google_sc=1&google_hm=CmEYVvwfSBKpjtT1ePExMw%3D%3D&gdpr=0&gdpr_consent=&google_cm ct=text/html; charset=UTF-8 len=362
302 GET https://sync.ipredictive.com/d/sync/cookie/generic?https://pixel.rubiconproject.com/tap.php?v=17149&nid=2861&put=${ADELPHIC_CUID}&expires=30&gdpr=0&us_privacy={CCPA_CONSENT} ct=text/html; charset=utf-8 len=185
302 GET https://rtb.openx.net/sync/prebid?gdpr=0&us_privacy=1---&r=https%3A%2F%2Fuse3-sync.a-mo.net%2Fcchain%2F1%2F30361%3Fgdpr%3D0%26gdpr_consent%3D%26us_privacy%3D1---%26A%3Dc6406cb8-b2a2-4c08-be6c-98972ed9a5ef%26bidder%3Dopen ct= len=0
200 GET https://pixel.rubiconproject.com/tap.php?v=17149&nid=2861&put=017475a9-e993-40b9-970c-2fa8d6570e05&expires=30&gdpr=0&us_privacy={CCPA_CONSENT} ct=image/gif len=42
200 GET https://ut.pubmatic.com/geo?pubid=160295 ct=application/json len=22
302 GET https://use3-sync.a-mo.net/cchain/1/30361?gdpr=0&gdpr_consent=&us_privacy=1---&A=c6406cb8-b2a2-4c08-be6c-98972ed9a5ef&bidder=openx&cbx=aHR0cHM6Ly9jbS5tZ2lkLmNvbS9tP2Nkc3A9Nzc5MTMxJmM9&uid=3fa861e8-4bc7-442b-aab7-cb0c86d4 ct= len=0
302 GET https://x.bidswitch.net/sync?ssp=criteo&custom_data=98BQi19FOTBFRncyTEJReHlyUVcxQWllaXBZTFJCTGdSOFYxaUolMkJtTDVNdENQeUdrTyUyQjhlUWhWU3dKUExMemdyZkRGT0JSZkNmbTN6RTZkUjc1bFhUTnBkUWpMd1c3VDRDWHB2R3JKRHlTSjAlMkJvVnhxRHhvbWlF ct= len=0
302 GET https://x.bidswitch.net/sync?ssp=criteo&custom_data=HY1bhl9yRmFPbzJCdnNUJTJCS2VwcDc3MWQ5Z1JqWDFXVm1Sa3MxcHlueldWQkw2VnBDUWdYMHFPenFycVhtN1F3bllWM3BxalhvRHBGS2dmTGNCdWNmME1BaE5YQzdCbGNqNE1TaEsyMmFOM0VEU2klMkZnWnVCSWZ0eG1E ct= len=0
200 GET https://cm.adform.net/cookie?gdpr=0&gdpr_consent=&us_privacy=&redirect_url=https%3A%2F%2Fuse3-sync.a-mo.net%2Fsetuid%3Fbidder%3Dadform%26A%3D60df0531-a452-4d64-a65e-e174f8a089d8%26uid%3D%24UID ct=image/gif len=
200 GET https://aax-eu.amazon-adsystem.com/s/dcm?pid=a38a8ddf-19a7-4ab8-ba05-0a61de92a7e5&id=&gdpr=0&us_privacy={CCPA_CONSENT}&dcc=t ct=image/gif len=43
200 GET https://ce.lijit.com/merge?pid=80&3pid=MUL3QG4I-21-FRZS&gdpr=0&us_privacy={CCPA_CONSENT} ct=image/gif len=43
204 GET https://sync.a-mo.net/setuid/magnite?uid=MUL3QG4I-21-FRZS&gdpr=0 ct= len=0
204 GET https://sync.a-mo.net/setuid/sharethrough?uid=d07d227e-d156-4997-b070-405b8a6f061f&gdpr=0 ct= len=0
302 GET https://image8.pubmatic.com/AdServer/ImgSync?p=158355&gdpr=0&us_privacy=1---&pu=https%3A%2F%2Fuse3-sync.a-mo.net%2Fcchain%2F4%2F30361%3Fgdpr%3D0%26gdpr_consent%3D%26us_privacy%3D1---%26A%3Dc6406cb8-b2a2-4c08-be6c-98972ed ct=text/html; charset=utf-8 len=134
404 GET https://x.bidswitch.net/ul_cb/sync?ssp=criteo&custom_data=98BQi19FOTBFRncyTEJReHlyUVcxQWllaXBZTFJCTGdSOFYxaUolMkJtTDVNdENQeUdrTyUyQjhlUWhWU3dKUExMemdyZkRGT0JSZkNmbTN6RTZkUjc1bFhUTnBkUWpMd1c3VDRDWHB2R3JKRHlTSjAlMkJvVnhxRH ct=text/html; charset=UTF-8 len=0
CONSOLE error: Failed to load resource: the server responded with a status of 404 ()
302 GET https://cm.g.doubleclick.net/pixel?google_nid=pubmatic&google_cm&google_sc&gdpr=0&gdpr_consent= ct=text/html; charset=UTF-8 len=379
404 GET https://x.bidswitch.net/ul_cb/sync?ssp=criteo&custom_data=HY1bhl9yRmFPbzJCdnNUJTJCS2VwcDc3MWQ5Z1JqWDFXVm1Sa3MxcHlueldWQkw2VnBDUWdYMHFPenFycVhtN1F3bllWM3BxalhvRHBGS2dmTGNCdWNmME1BaE5YQzdCbGNqNE1TaEsyMmFOM0VEU2klMkZnWnVCSW ct=text/html; charset=UTF-8 len=0
CONSOLE error: Failed to load resource: the server responded with a status of 404 ()
302 GET https://image2.pubmatic.com/AdServer/Pug?vcode=bz0yJnR5cGU9MSZjb2RlPTIxNzcmdGw9MTI5NjAw&gdpr=0&gdpr_consent=&piggybackCookie=CAESENi2R2s_XtTiINRKNXWgXyI&google_cver=1 ct= len=
307 GET https://visitor-risecode.omnitagjs.com/visitor/bsync?name=risecode&uid=40a3c28f9ffc73ee86df2bac2d2bb390&url=https%3A%2F%2Fcs-server-s2s.yellowblue.io%2Fcs%3Ffwrd%3D1%26fwrd%3D1%26aid%3D11609%26id%3D%5BBUYER_ID%5D ct=text/html; charset=UTF-8 len=0
302 GET https://image8.pubmatic.com/AdServer/ImgSync?sec=1&gdpr=0&gdpr_consent=&us_privacy= ct=text/html; charset=utf-8 len=160
200 GET https://image6.pubmatic.com/AdServer/PugMaster?sec=1&async=1&kdntuid=1&rnd=19259243&p=160295&s=0&a=0&ptask=ALL&np=0&fp=0&rp=0&mpc=0&spug=1&coppa=0&gdpr=0&gdpr_consent=&us_privacy=&gpp=&gpp_sid= ct=text/html; charset=UTF-8 len=
200 GET https://cs.seedtag.com/cs.html?ga=false&cd=[GDPR_CONSENT]&us=[US_PRIVACY]&uid=01a0e78c-8b45-76df-bc58-bf3df759a90a&gpp=[GPP]&gpp_sid=[GPP_SID]&usi=1&sct=PrebidServer ct=text/html len=2865
200 GET https://cs-server-s2s.yellowblue.io/cs?fwrd=1&fwrd=1&aid=11609&id=e4155e37d3d59b7a54ba4ff49db92b9c ct=application/javascript len=0
204 GET https://use3-sync.a-mo.net/setuid?A=60df0531-a452-4d64-a65e-e174f8a089d8&bidder=pubmatic&uid=0A611856-FC1F-4812-A98E-D4F578F13133 ct= len=0
200 GET https://s.amazon-adsystem.com/dcm?pid=3b882453-6770-4785-baf8-a598533c054a&id=0A611856-FC1F-4812-A98E-D4F578F13133&redir=true&gdpr=0&gdpr_consent= ct=image/gif len=43
302 GET https://ups.analytics.yahoo.com/ups/58917/cms?uid=0A611856-FC1F-4812-A98E-D4F578F13133&gpp=&gpp_sid=&us_privacy=&gdpr=0&gdpr_consent= ct=text/html len=0
302 GET https://sync.ipredictive.com/d/sync/cookie/generic?https://simage2.pubmatic.com/AdServer/Pug?vcode=bz0yJnR5cGU9MSZqcz0xJmNvZGU9MzI1MCZ0bD0xMjk2MDA=&piggybackCookie=${ADELPHIC_CUID}&gdpr=0&gdpr_consent=&us_privacy=&gpp=&g ct=text/html; charset=utf-8 len=243
302 GET https://user-sync.fwmrm.net/ad/u?mode=user-register&dspid=64&dspuid=0A611856-FC1F-4812-A98E-D4F578F13133&gdpr=0&gdpr_consent=&us_privacy=&gpp=&gpp_sid=&_fw_is_lat=&_fw_atts=&_fw_coppa= ct=text/html len=0
302 GET https://ups.analytics.yahoo.com/ups/58292/sync?_origin=1&uid=0A611856-FC1F-4812-A98E-D4F578F13133&redir=true&gdpr=0&gdpr_consent=&us_privacy=&gpp=&gpp_sid= ct=text/html len=0
303 GET https://match.prod.bidr.io/cookie-sync/pm?gdpr=0&gdpr_consent=&us_privacy=&gpp=&gpp_sid= ct= len=0
200 GET https://lb.eu-1-id5-sync.com/lb/v1 ct=application/json;charset=UTF-8 len=
200 GET https://lbs.eu-1-id5-sync.com/lbs/v1 ct=application/json len=54
200 GET https://id5-sync.com/bounce ct=text/plain;charset=utf-8 len=
302 GET https://dis.criteo.com/dis/usersync.aspx?r=3&p=4&cp=pubmaticUS&cu=1&gdpr=0&gdpr_consent=&us_privacy=&gpp=&gpp_sid=&url=https%3A%2F%2Fsimage4.pubmatic.com%2FAdServer%2FSPug%3FpartnerID%3D173010%26test%3Dctest%26partnerUID ct= len=0
302 GET https://cm.g.doubleclick.net/pixel?google_nid=pubmatic&google_cm&google_sc&gdpr=0&gdpr_consent= ct=text/html; charset=UTF-8 len=379
302 GET https://match.adsrvr.org/track/cmf/generic?ttd_pid=pubmatic&ttd_tpi=1&gdpr=0&gdpr_consent= ct= len=355
302 GET https://x.bidswitch.net/sync?ssp=pubmatic&gdpr=0&gdpr_consent=&us_privacy=&us_privacy=&gpp=&gpp_sid= ct= len=0
200 GET https://cs-server-s2s.yellowblue.io/cs?fwrd=1&aid=11576&id=0A611856-FC1F-4812-A98E-D4F578F13133 ct=application/javascript len=0
307 GET https://idsync.rlcdn.com/420486.gif?partner_uid=0A611856-FC1F-4812-A98E-D4F578F13133 ct= len=0
302 GET https://pixel.tapad.com/idsync/ex/receive?partner_id=3371&partner_device_id=0A611856-FC1F-4812-A98E-D4F578F13133 ct= len=0
302 GET https://ups.analytics.yahoo.com/ups/58917/cms?uid=0A611856-FC1F-4812-A98E-D4F578F13133&gpp=&gpp_sid=&us_privacy=&gdpr=0&gdpr_consent= ct=text/html len=0
200 GET https://image4.pubmatic.com/AdServer/SPug?partnerID=156078&xid=y-TcFHJhxE2uWvnMvlvs9GZBJfyoxJAjo-~A&gdpr=0&us_privacy= ct= len=
303 GET https://match.prod.bidr.io/cookie-sync/stv?gdpr=0&gdpr_consent= ct= len=0
302 GET https://cm.g.doubleclick.net/pixel?google_nid=beeswaxio&google_sc=&google_hm=QUJXWF8wN1ZkSUVBQUFJUWlSM2RxQQ&gdpr=0&gdpr_consent=&us_privacy=&gpp=&gpp_sid=&bee_sync_partners=pp%2Csas%2Cdtech%2Cpm&bee_sync_current_partner= ct=text/html; charset=UTF-8 len=414
302 GET https://um.simpli.fi/pubmatic?https://simage2.pubmatic.com/AdServer/Pug?vcode=bz0yJnR5cGU9MSZqcz0xJmNvZGU9ODA2JnRsPTUxODQwMA==&piggybackCookie=uid:$UID&gdpr=0&gdpr_consent=&us_privacy=&gpp=&gpp_sid= ct=text/html len=142
200 GET https://image2.pubmatic.com/AdServer/Pug?vcode=bz0yJnR5cGU9MSZjb2RlPTIxNzcmdGw9MTI5NjAw&gdpr=0&gdpr_consent=&piggybackCookie=CAESENi2R2s_XtTiINRKNXWgXyI&google_cver=1 ct=image/gif; charset=utf-8 len=42
302 GET https://user-sync.fwmrm.net/ad/u?mode=user-register&dspid=22&dspuid=ABWX_07VdIEAAAIQiR3dqA&gdpr=0 ct=text/html len=0
302 GET https://sync-tm.everesttech.net/upi/pid/b9pj45k4?redir=https://simage2.pubmatic.com/AdServer/Pug?vcode=bz0yJnR5cGU9MSZqcz0xJmNvZGU9MjE5MSZ0bD0yNTkyMDA=&piggybackCookie=${TM_USER_ID}&gdpr=0&gdpr_consent= ct= len=0
302 GET https://match.adsrvr.org/track/cmf/generic?ttd_pid=tapad&ttd_tpi=1&ttd_puid=dad9b9b3-b6b1-4c80-b3db-2d7f8401b31f%252C%252C&gdpr=0&gdpr_consent= ct= len=359
307 GET https://csync.loopme.me/?gdpr=0&gdpr_consent=&pubid=11362&redirect=https%3A%2F%2Fcs-server-s2s.yellowblue.io%2Fcs%3Ffwrd%3D1%26aid%3D11571%26id%3D%7Bdevice_id%7D ct= len=0
303 GET https://match.prod.bidr.io/cookie-sync/adx?gdpr=0&gdpr_consent=&gpp=&gpp_sid=&bee_sync_partners=pp%2Csas%2Cdtech%2Cpm&bee_sync_current_partner=adx&bee_sync_initiator=pm&bee_sync_hop_count=1 ct= len=0
302 GET https://sync-tm.everesttech.net/ct/upi/pid/b9pj45k4?redir=https://simage2.pubmatic.com/AdServer/Pug?vcode=bz0yJnR5cGU9MSZqcz0xJmNvZGU9MjE5MSZ0bD0yNTkyMDA=&piggybackCookie=${TM_USER_ID}&gdpr=0&gdpr_consent=&_test=arpApwAO ct= len=0
204 GET https://s.seedtag.com/cs/cookies/chips?enable=0 ct= len=
301 GET https://secure-assets.rubiconproject.com/utils/xapi/multi-sync.html?p=seedtag&endpoint=eu ct= len=0
302 GET https://beacon.lynx.cognitivlabs.com/pbmtc.gif?redir=https://simage2.pubmatic.com/AdServer/Pug?vcode=bz0xJnR5cGU9MSZjb2RlPTM0MzkmdGw9MTI5NjAw&piggybackCookie=$UID&gdpr=0&gdpr_consent=&us_privacy=&gpp=&gpp_sid= ct= len=0
200 GET https://ads.pubmatic.com/AdServer/js/user_sync.html?p=157743&gdpr=0&gdpr_consent=[GDPR_CONSENT]&us_privacy=[US_PRIVACY]&gpp=[GPP]&gpp_sid=[GPP_SID]&predirect=https%3A%2F%2Fs.seedtag.com%2Fcs%2Fcookiesync%2Fpubmatic%3Fcha ct=text/html len=7463
200 GET https://simage2.pubmatic.com/AdServer/Pug?vcode=bz0yJnR5cGU9MSZqcz0xJmNvZGU9MzI1MCZ0bD0xMjk2MDA=&piggybackCookie=017475a9-e993-40b9-970c-2fa8d6570e05&gdpr=0&gdpr_consent=&us_privacy=&gpp=&gpp_sid= ct=text/html; charset=utf-8 len=1
200 GET https://simage2.pubmatic.com/AdServer/Pug?vcode=bz0yJnR5cGU9MSZjb2RlPTQwNjQmdGw9NDMyMDA=&piggybackCookie=y-kTA8lZpE2oBy6TWDmnYDfmpa5.C7VLIuASBXXFk-~A&gdpr=0 ct=image/gif; charset=utf-8 len=42
200 GET https://eus.rubiconproject.com/usync.html?p=seedtag&endpoint=eu ct=text/html len=224
302 GET https://pixel-sync.sitescout.com/dmp/pixelSync?nid=3&gdpr=0&gdpr_consent=&us_privacy=&gpp=&gpp_sid= ct= len=0
200 GET https://match.deepintent.com/usersync/141?gdpr=0&gdpr_consent=&us_privacy=&gpp=&gpp_sid= ct=image/gif len=0
200 GET https://www.temu.com/api/adx/cm/pixel-pubmatic?id=0A611856-FC1F-4812-A98E-D4F578F13133&gdpr=0&gdpr_consent=&us_privacy= ct= len=0
302 GET https://match.adsrvr.org/track/cmf/generic?ttd_pid=stickyads&ttd_tpi=1&gdpr=0&gdpr_consent= ct= len=279
302 GET https://bh.contextweb.com/bh/rtset?ev=ABWX_07VdIEAAAIQiR3dqA&do=add&pid=558502&rurl=https%3A%2F%2Fmatch.prod.bidr.io%2Fcookie-sync%3Fgdpr%3D0%26bee_sync_partners%3Dsas%252Cdtech%252Cpm%26bee_sync_current_partner%3Dpp%26b ct= len=
200 GET https://image2.pubmatic.com/AdServer/Pug?vcode=bz0yJnR5cGU9MSZjb2RlPTgwNiZ0bD01MTg0MDA=&piggybackCookie=uid:2271CA9E0963429CA87672CD9167C063 ct=image/gif; charset=utf-8 len=42
200 GET https://simage2.pubmatic.com/AdServer/Pug?vcode=bz0yJnR5cGU9MSZqcz0xJmNvZGU9MjE5MSZ0bD0yNTkyMDA=&piggybackCookie=arpApwAO96PGhAAN&gdpr=0&gdpr_consent=&_test=arpApwAO96PGhAAN ct=text/html; charset=utf-8 len=1
302 GET https://dpm.demdex.net/ibs:dpid=19566&dpuuid=0A611856-FC1F-4812-A98E-D4F578F13133 ct= len=0
200 GET https://cs-server-s2s.yellowblue.io/cs?fwrd=1&aid=11571&id=450af2a1-a176-468d-8d0c-cba0785ea00e&gdpr_consent=null&gdpr=0 ct=application/javascript len=0
200 GET https://simage2.pubmatic.com/AdServer/Pug?vcode=bz0yJnR5cGU9MSZjb2RlPTI4NDkmdGw9MTI5NjAw&piggybackCookie=488b13d5-04f7-420d-b7ee-9ef78888759c&gdpr=0&gdpr_consent= ct=image/gif; charset=utf-8 len=42
200 GET https://eus.rubiconproject.com/usync.js ct=text/html;charset=UTF-8 len=11678
302 GET https://pubmatic-match.dotomi.com/match/bounce/current?networkId=17100&version=1&nuid=0A611856-FC1F-4812-A98E-D4F578F13133&gdpr=0&gdpr_consent=&us_privacy=&gpp=&gpp_sid= ct= len=0
302 GET https://beacon.lynx.cognitivlabs.com/pbmtc.gif?redir=https://simage2.pubmatic.com/AdServer/Pug?vcode=bz0xJnR5cGU9MSZjb2RlPTM0MzkmdGw9MTI5NjAw&piggybackCookie=$UID&gdpr=0&gdpr_consent=&us_privacy=&gpp=&gpp_sid=&rf=1 ct= len=0
200 GET https://pixel.tapad.com/idsync/ex/receive?partner_id=1830&partner_device_id=488b13d5-04f7-420d-b7ee-9ef78888759c&ttd_puid=dad9b9b3-b6b1-4c80-b3db-2d7f8401b31f%2C%2C ct=image/png len=95
302 GET https://sync.ipredictive.com/d/sync/cookie/generic?partner=beachfront&cspid=24&gdpr=0&gdpr_consent=[GDPR_CONSENT]&redirect=https%3A%2F%2Fs.seedtag.com%2Fcs%2Fcookiesync%2Fviant%3Fchanneluid%3D%24%7BADELPHIC_CUID%7D ct=text/html; charset=utf-8 len=112
302 GET https://user-sync.fwmrm.net/ad/u?mode=user-register&dspid=4&dspuid=488b13d5-04f7-420d-b7ee-9ef78888759c&gdpr=0&gdpr_consent= ct=text/html len=0
303 GET https://match.prod.bidr.io/cookie-sync/see ct= len=0
200 GET https://simage2.pubmatic.com/AdServer/Pug?vcode=bz0yJnR5cGU9MSZjb2RlPTQwNjQmdGw9NDMyMDA=&piggybackCookie=y-kTA8lZpE2oBy6TWDmnYDfmpa5.C7VLIuASBXXFk-~A&gdpr=0 ct=image/gif; charset=utf-8 len=42
302 GET https://sync.1rx.io/usersync2/rmpssp?sub=seedtag&redir=https%3A%2F%2Fs.seedtag.com%2Fcs%2Fcookiesync%2Fnexxen%3Fchanneluid%3D%5BRX_UUID%5D ct=text/html len=
302 GET https://sync.srv.stackadapt.com/sync?nid=11&gdpr=0&gdpr_consent=&us_privacy=&gpp=&gpp_sid= ct=text/html; charset=utf-8 len=223
200 GET https://onetag-sys.com/usync/?pubId=75601b04186d260 ct=text/html len=2504
302 GET https://match.sharethrough.com/universal/v1?supply_id=2TwkgUpM&gdpr=0&gdpr_consent=[GDPR_CONSENT]&us_privacy=[US_PRIVACY] ct= len=0
303 GET https://match.prod.bidr.io/cookie-sync?gdpr=0&bee_sync_partners=sas%2Cdtech%2Cpm&bee_sync_current_partner=pp&bee_sync_initiator=adx&bee_sync_hop_count=2&ev=ABWX_07VdIEAAAIQiR3dqA&pid=558502&do=add&gdpr=0 ct= len=0
204 GET https://pixel-sync.sitescout.com/dmp/pixelSync?nid=124&gdpr=0&gdpr_consent=[GDPR_CONSENT]&us_privacy=[US_PRIVACY]&gpp=[GPP]&gpp_sid=[GPP_SID]&redir=https%3A%2F%2Fs.seedtag.com%2Fcs%2Fcookiesync%2Fbasis%3Fchanneluid%3D%7B ct= len=
200 GET https://visitor.omnitagjs.com/visitor/isync?uid=513c4e190506981c315d38ccadf488f2&name=SEEDTAG&visitor=01a0e78c-8b45-76df-bc58-bf3df759a90a&gdpr=0&gdpr_consent_string=[GDPR_CONSENT]&us_privacy=[US_PRIVACY] ct=text/html; charset=UTF-8 len=0
302 GET https://simage2.pubmatic.com/AdServer/Pug?vcode=bz0xJnR5cGU9MSZjb2RlPTM0MzkmdGw9MTI5NjAw&piggybackCookie=e95c6696-271f-45b6-8c92-312a2f10edd9&r=https://beacon.lynx.cognitivlabs.com/pbmtc.gif?puid=${PUBMATIC_UID} ct= len=
302 GET https://pubmatic-match.dotomi.com/match/bounce/current?DotomiTest=477dc1002fb705c5&is_secure=true&networkId=17100&version=1&nuid=0A611856-FC1F-4812-A98E-D4F578F13133&gdpr=0&gdpr_consent=&us_privacy=&gpp=&gpp_sid= ct= len=0
302 GET https://pixel-sync.sitescout.com/dmp/pixelSync?cookieQ=1&nid=3&gdpr=0&gdpr_consent=&us_privacy=&gpp=&gpp_sid= ct= len=0
302 GET https://dsp-2.presage.io/sync?bidswitch_ssp_id=pubmatic&bsw_custom_parameter=93c9b27a-f6b3-41a3-8c64-57a76e1cf0ac&gdpr=0&gdpr_consent= ct= len=0
200 GET https://s.seedtag.com/cs/cookiesync/viant?channeluid=017475a9-e993-40b9-970c-2fa8d6570e05 ct= len=0
302 GET https://p.rfihub.com/cm?pub=224&in=1&getuid=https%3A//image2.pubmatic.com/AdServer/Pug%3Fvcode%3Dbz0yJnR5cGU9MSZjb2RlPTI3MzkmdGw9MTI5NjAw%26piggybackCookie%3D%24UID&gdpr=0&gdpr_consent=&us_privacy=&gpp=&gpp_sid= ct= len=0
200 GET https://ad.360yield.com/user_sync?rt=html&partner_id=1680&gdpr=0&gdpr_consent=[GDPR_CONSENT]&r=https%3A%2F%2Fs.seedtag.com%2Fcs%2Fcookiesync%2Fimprovedigital%3Fchanneluid%3D%7BPUB_USER_ID%7D ct=text/html; charset=utf-8 len=248
302 GET https://sync.srv.stackadapt.com/sync?nid=376&gdpr={GDPRAPPLIES}&gdpr_consent={GDPRCONSENT}&redirect=https%3A%2F%2Fs.seedtag.com%2Fcs%2Fcookiesync%2Fstackadapt%3Fchanneluid%3D%24%7Bchanneluid%7D ct=text/html; charset=utf-8 len=143
302 GET https://sync.1rx.io/usersync2/rmpssp?sub=seedtag&zcc=1&redir=https%3A%2F%2Fs.seedtag.com%2Fcs%2Fcookiesync%2Fnexxen%3Fchanneluid%3D%5BRX_UUID%5D&cb=1790591143679 ct=text/html len=
302 GET https://beacon.lynx.cognitivlabs.com/pbmtc.gif?puid=0A611856-FC1F-4812-A98E-D4F578F13133 ct= len=0
200 GET https://simage2.pubmatic.com/AdServer/Pug?vcode=bz0yJnR5cGU9MSZjb2RlPTQ2MSZ0bD0xMDA4MA==&piggybackCookie=AQAA4bemXW9rqgIzNsfNAQEBAQEBAQCh5o2OCQEBAKHmjY4J&expiration=1790677543&nuid=0A611856-FC1F-4812-A98E-D4F578F13133&gp ct=image/gif; charset=utf-8 len=42
200 GET https://simage2.pubmatic.com/AdServer/Pug?vcode=bz0yJnR5cGU9MSZjb2RlPTM0MzEmdGw9MTI5NjAw&piggybackCookie=CiQwMWEwZTc4Yy04ZWZhLTc4MWUtYjI4ZS1iMThhYjMyNzFiNzgQBBoCTkEgQw&gdpr=0&gdpr_consent= ct=image/gif; charset=utf-8 len=42
302 GET https://cs.admanmedia.com/725cf09ae99fe8956893951f6570d867.gif?puid=01a0e78c-8b45-76df-bc58-bf3df759a90a&gdpr=0&gdpr_consent=[GDPR_CONSENT]&redir=https%3A%2F%2Fs.seedtag.com%2Fcs%2Fcookiesync%2Fillumin%3Fchanneluid%3D%5B ct= len=0
200 GET https://image2.pubmatic.com/AdServer/Pug?vcode=bz0yJnR5cGU9MSZjb2RlPTE5NjkmdGw9MTI5NjAw&piggybackCookie=b0a0e98e-7ffa-4b0d-a1df-51a9903259d2-6aba40a7-5553&gdpr=0&gdpr_consent=&gpp=&gpp_sid= ct=image/gif; charset=utf-8 len=42
200 GET https://s.seedtag.com/cs/cookiesync/sharethrough?channeluid=d07d227e-d156-4997-b070-405b8a6f061f&gdpr=0&gdpr_consent=%5BGDPR_CONSENT%5D ct= len=0
302 GET https://x.bidswitch.net/sync?dsp_id=521&ssp=pubmatic&bsw_param=93c9b27a-f6b3-41a3-8c64-57a76e1cf0ac&user_id=5be9bd3b-bd35-424e-863d-2b3682d7973b&gdpr=0&gdpr_consent=&gpp_consent= ct= len=0
200 GET https://u.openx.net/w/1.0/cm?id=e297ef35-c932-4587-9b44-3838020a33e7&ph=98bd82b9-df2d-4740-bf08-170e793baeb6&gdpr=0&gdpr_consent=[GDPR_CONSENT]&us_privacy=[US_PRIVACY]&r=https%3A%2F%2Fs.seedtag.com%2Fcs%2Fcookiesync%2Fop ct=text/html len=500
302 GET https://b1sync.outbrain.com/usersync/seedtag?puid=01a0e78c-8b45-76df-bc58-bf3df759a90a&gdpr=0&gdpr_consent=[GDPR_CONSENT]&us_privacy=[US_PRIVACY]&gpp=[GPP]&gpp_sid=[GPP_SID]&cb=https%3A%2F%2Fs.seedtag.com%2Fcs%2Fcookiesy ct=text/html; charset=utf-8 len=186
307 GET https://ap.lijit.com/pixel?gdpr=0&gdpr_consent=[GDPR_CONSENT]&us_privacy=[US_PRIVACY]&gpp=[GPP]&gpp_sid=[GPP_SID]&redir=https%3A%2F%2Fs.seedtag.com%2Fcs%2Fcookiesync%2Fsovrn%3Fchanneluid%3D%24UID ct= len=0
302 GET https://ib.adnxs.com/getuid?https://s.seedtag.com/cs/cookiesync/appnexus?channeluid=$UID&consent=1 ct=text/html; charset=utf-8 len=0
303 GET https://match.deepintent.com/usersync/154 ct=image/gif len=0
302 GET https://match.adsrvr.org/track/cmf/generic?ttd_pid=5jrh0rv&ttd_tpi=1&gdpr=0&gdpr_consent=[GDPR_CONSENT]&us_privacy=[US_PRIVACY]&gpp=[GPP]&gpp_sid=[GPP_SID] ct= len=205
200 GET https://simage4.pubmatic.com/AdServer/SPug?partnerID=173010&test=ctest&partnerUID=uid:k-WcCPiojF41Yapc0DF2qXgBjooT1wkAKDZm5XwA&gdpr=0&gdpr_consent=&us_privacy=&gpp= ct= len=
302 GET https://s.amazon-adsystem.com/dcm?pid=06432402-c0d4-41b0-b9b9-42da4286c781&id=01a0e78c-8b45-76df-bc58-bf3df759a90a&gdpr=0&gdpr_consent=[GDPR_CONSENT] ct= len=0
200 GET https://dpm.demdex.net/demconf.jpg?et:ibs%7cdata:dpid=19566&dpuuid=0A611856-FC1F-4812-A98E-D4F578F13133 ct=image/gif len=46
302 GET https://x.bidswitch.net/sync?ssp=seedtag&user_id=01a0e78c-8b45-76df-bc58-bf3df759a90a&gdpr=0&gdpr_consent=[GDPR_CONSENT]&us_privacy=[US_PRIVACY] ct= len=0
302 GET https://x.bidswitch.net/sync?ssp=beachfront&user_id=01a0e78c-8b45-76df-bc58-bf3df759a90a&gdpr=0&gdpr_consent=[GDPR_CONSENT]&us_privacy=[US_PRIVACY] ct= len=0
302 GET https://us-u.openx.net/w/1.0/cm?id=e508c905-ddce-4732-92a4-0b0f5b72a28f&r=https%3A%2F%2Fidsync.rlcdn.com%2F396846.gif%3Fserved_by%3Devergreen%26partner_uid%3D ct=image/gif len=0
302 GET https://ups.analytics.yahoo.com/ups/58977/cms?gpp=[GPP]&gpp_sid=[GPP_SID]&gdpr=0&gdpr_consent=[GDPR_CONSENT] ct=text/html len=0
200 GET https://s.seedtag.com/cs/st/s?source=PrebidServer ct= len=0
302 GET https://sync.smartadserver.com/getuid?gdpr_consent=[GDPR_CONSENT]&us_privacy=[US_PRIVACY]&nwid=3050&url=https%3A%2F%2Fs.seedtag.com%2Fcs%2Fcookiesync%2Fsmart%3Fchanneluid%3D%5Bsas_uid%5D ct= len=0
204 GET https://rtb.adentifi.com/CookieSyncPubMatic&gdpr=0&gdpr_consent=&us_privacy=&gpp=&gpp_sid= ct=text/plain len=
200 GET https://image2.pubmatic.com/AdServer/Pug?vcode=bz0yJnR5cGU9MSZjb2RlPTI3MzkmdGw9MTI5NjAw&piggybackCookie=1974054424181959300 ct=image/gif; charset=utf-8 len=42
200 GET https://s.seedtag.com/cs/cookiesync/beeswax?channeluid=ABWX_07VdIEAAAIQiR3dqA ct= len=0
200 GET https://s.seedtag.com/cs/cookiesync/stackadapt?channeluid=CiQwMWEwZTc4Yy04ZjI1LTc4M2YtODI2OS05OTkwODg3NmZmNDkQBBoCTkEgUg ct= len=0
307 GET https://csync.loopme.me/?pubid=11712&gdpr=0&gdpr_consent=[GDPR_CONSENT]&redirect=https%3A%2F%2Fs.seedtag.com%2Fcs%2Fcookiesync%2Floopme%3Fchanneluid%3D%7Bviewer_token%7D ct= len=0
200 POST https://id5-sync.com/gm/v3 ct=application/json len=
302 GET https://c1.adform.net/cookie?redirect_url=https%3A%2F%2Fs.seedtag.com%2Fcs%2Fcookiesync%2Fadform%3Fchanneluid%3D%24UID ct= len=0
200 GET https://s.seedtag.com/cs/cookiesync/illumin?channeluid=884641d6-5f54-439c-8f0a-4d07a8b2d3e5 ct= len=0
200 GET https://simage2.pubmatic.com/AdServer/Pug?vcode=bz0yJnR5cGU9MSZqcz0xJmNvZGU9Mjk0NSZ0bD0xMjk2MDA=&piggybackCookie=93c9b27a-f6b3-41a3-8c64-57a76e1cf0ac&gdpr=0&gdpr_consent=&gdpr_pd=&us_privacy= ct=text/html; charset=utf-8 len=1
302 GET https://aax-eu.amazon-adsystem.com/s/dcm?pid=f7f4e5f3-5540-4c0f-8a82-959bd0dce400&id=01a0e78c-8b45-76df-bc58-bf3df759a90a&gdpr=0&gdpr_consent=[GDPR_CONSENT] ct= len=0
302 GET https://sync.springserve.com/usersync?redirect_url=https%3A%2F%2Fuser-sync.fwmrm.net%2Fad%2Fu%3Fmode%3Duser-register%26dspid%3D97%26dspuid%3DSS_UUID%26gdpr%3D0%26gdpr_consent%3D ct= len=0
302 GET https://beachfront-match.dotomi.com/match/bounce/current?networkId=9252048&version=1&nuid=01a0e78c-8b45-76df-bc58-bf3df759a90agdpr=0&gdpr_consent=[GDPR_CONSENT] ct= len=0
302 GET https://rtb-csync.smartadserver.com/redir?partneruserid=ABWX_07VdIEAAAIQiR3dqA&partnerid=127&redirurl=https%3A%2F%2Fmatch.prod.bidr.io%2Fcookie-sync%3Fgdpr%3D0%26gdpr%3D0%26bee_sync_partners%3Ddtech%252Cpm%26bee_sync_cur ct= len=0
302 GET https://pixel.tapad.com/idsync/ex/receive?partner_id=3644&partner_device_id=e95c6696-271f-45b6-8c92-312a2f10edd9&partner_url=https%3A%2F%2Fbeacon.lynx.cognitivlabs.com%2Fresume%3Fpartner%3Dexperian%26ssp%3D30%26ts%3D1790 ct= len=0
302 GET https://creativecdn.com/cm-notify?pi=seedtag ct= len=0
302 GET https://cm.g.doubleclick.net/pixel?google_nid=bidswitch_dbm&google_cm&google_sc&ssp=beachfront&bsw_param=93c9b27a-f6b3-41a3-8c64-57a76e1cf0ac&google_hm=OTNjOWIyN2EtZjZiMy00MWEzLThjNjQtNTdhNzZlMWNmMGFj&gdpr_consent=&gdpr= ct=text/html; charset=UTF-8 len=392
302 GET https://sync.smartadserver.com/getuid?gdpr_consent=[GDPR_CONSENT]&us_privacy=[US_PRIVACY]&nwid=3050&url=https://s.seedtag.com/cs/cookiesync/smart?channeluid=[sas_uid]&cklb=1 ct= len=0
302 GET https://user-sync.fwmrm.net/ad/u?mode=user-register&dspid=97&dspuid=fa1c13d0-c18b-4885-8bb3-e89c0f945b7b&gdpr=0&gdpr_consent= ct=text/html len=0
200 GET https://s.amazon-adsystem.com/dcm?pid=06432402-c0d4-41b0-b9b9-42da4286c781&id=01a0e78c-8b45-76df-bc58-bf3df759a90a&gdpr=0&gdpr_consent=[GDPR_CONSENT]&dcc=t ct=image/gif len=43
302 GET https://beachfront-match.dotomi.com/match/bounce/current?DotomiTest=5b70bf1e132128f&is_secure=true&networkId=9252048&version=1&nuid=01a0e78c-8b45-76df-bc58-bf3df759a90agdpr%3D0&gdpr_consent=%5BGDPR_CONSENT%5D ct= len=0
200 GET https://beacon.lynx.cognitivlabs.com/resume?partner=experian&ssp=30&ts=1790591143722&ta_id=dad9b9b3-b6b1-4c80-b3db-2d7f8401b31f ct=image/gif len=42
303 GET https://match.prod.bidr.io/cookie-sync?gdpr=0&gdpr=0&bee_sync_partners=dtech%2Cpm&bee_sync_current_partner=sas&bee_sync_initiator=adx&bee_sync_hop_count=3&userid=4316713059924783614&gdpr=0&gdpr_consent= ct= len=0
200 GET https://s.seedtag.com/cs/cookiesync/appnexus?channeluid=8634559812245746265&consent=1 ct= len=0
200 GET https://s.seedtag.com/cs/cookiesync/outbrain?channeluid=94304c46-f420-4df4-b5a6-6a5f6b19a6eb&gdpr=0&gdpr_consent=[GDPR_CONSENT]&us_privacy=[US_PRIVACY] ct= len=0
200 GET https://s.seedtag.com/cs/cookiesync/deepintent?channeluid=di_db3fea0087ad7f3e9de00 ct= len=0
200 GET https://s.seedtag.com/cs/cookiesync/ttd?channeluid=488b13d5-04f7-420d-b7ee-9ef78888759c ct= len=0
200 GET https://s.seedtag.com/cs/cookiesync/yahoo?channeluid=y-oPYmqddE2oO6a0KBZ.MtpkRJAQEZoTx.yvucAw--~A&gdpr=0&gpp=[GPP]&gpp_sid=[GPP_SID] ct= len=0
200 GET https://s.seedtag.com/cs/cookiesync/adform?channeluid=3656821217077196228 ct= len=0
200 GET https://s.seedtag.com/cs/cookiesync/sovrn?channeluid=Naqx0LZHAaDnjIrCYWdbe0Zl ct= len=0
200 GET https://idsync.rlcdn.com/396846.gif?served_by=evergreen&partner_uid=53b09141-3f1f-41a2-9e42-8bea3e14ed79 ct=image/gif len=42
200 GET https://csync.smartadserver.com/rtb/csync/CookieSync.html?nwid=3050&dcid=3 ct=text/html len=435
200 GET https://s.seedtag.com/cs/cookiesync/loopme?channeluid=450af2a1-a176-468d-8d0c-cba0785ea00e&gdpr_consent=[GDPR_CONSENT]&gdpr=0 ct= len=0
302 GET https://ups.analytics.yahoo.com/ups/58931/cms?gdpr=0&gdpr_consent= ct=text/html len=0
302 GET https://x.bidswitch.net/sync?dsp_id=16&user_id=CAESELqYa30R0ojLzzJWvY5p_yM&google_cver=1&ssp=beachfront&bsw_param=93c9b27a-f6b3-41a3-8c64-57a76e1cf0ac&gdpr_consent=&gdpr=0 ct= len=0
302 GET https://id.a-mx.com/u?gdpr=0&gdpr_consent=&us_privacy=&cb=https%3A%2F%2Fuse3-sync.a-mo.net%2Fsetuid%3Fbidder%3Damx_com%26A%3D60df0531-a452-4d64-a65e-e174f8a089d8%26uid%3D&A=60df0531-a452-4d64-a65e-e174f8a089d8&F=0 ct= len=0
200 GET https://s.seedtag.com/cs/cookiesync/rtbhouse?channeluid=AgrikhguIVylEloPuqlhQYIUEHXvFqUh2kuj57fqKtU&pi=seedtag ct= len=0
200 GET https://s.seedtag.com/cs/cookiesync/smart?channeluid=4316713059924783614 ct= len=0
302 GET https://cm.g.doubleclick.net/pixel?google_nid=openx&google_cm&google_sc&gdpr=0&gdpr_consent=%5BGDPR_CONSENT%5D ct=text/html; charset=UTF-8 len=342
302 GET https://user-sync.fwmrm.net/ad/u?mode=user-register&dspid=20&dspuid=y-S_wIapFE2oPLL1ZOAGv9NC54iagfMdcipwRjrBmC~A&gdpr=0 ct=text/html len=0
200 GET https://c.mgid.com/c?v=510|339|12|JRpjQax1gQ4fmJSrNjFuDn8yJOy48vsdhvhMgAI3t5QD2NercJcvUbBnkLclwzRMMQL2MNquSuXakS2htA3_OBfO6FUaQ7e9sSnVVUSdJ2v98GG5aE_oKvjxCwfQzgF7xld2hl6zTLB3DWU5kMhThg**&v=510|363|12|JRpjQax1gQ4fmJSrNjFu ct=image/gif len=43
200 GET https://aax-eu.amazon-adsystem.com/s/dcm?pid=f7f4e5f3-5540-4c0f-8a82-959bd0dce400&id=01a0e78c-8b45-76df-bc58-bf3df759a90a&gdpr=0&gdpr_consent=[GDPR_CONSENT]&dcc=t ct=image/gif len=43
200 GET https://s.seedtag.com/cs/cookiesync/improvedigital?channeluid=a6e5aa1e-c115-408c-b5fb-c80db6ae0c86 ct= len=0
200 GET https://s.seedtag.com/cs/cookiesync/conversant?channeluid=AQAH-KEP1CPsxgJ-tP1iAQEBAQEBAQCh5o2OfwEBAKHmjY5_&expiration=1790677543&nuid=01a0e78c-8b45-76df-bc58-bf3df759a90agdpr=0&is_secure=true&gdpr_consent=[GDPR_CONSENT] ct= len=0
200 GET https://s.seedtag.com/cs/cookiesync/openx?channeluid=542fb771-2be3-4317-97a2-b8dd676c7c11&gdpr=0&gdpr_consent=%5BGDPR_CONSENT%5D ct= len=0
204 GET https://use3-sync.a-mo.net/setuid?bidder=amx_com&A=60df0531-a452-4d64-a65e-e174f8a089d8&uid=60df0531-a452-4d64-a65e-e174f8a089d8 ct= len=0
200 GET https://us-u.openx.net/w/1.0/sd?id=537072991&val=CAESEHUXdlBUNSBH0us4BkbGk6g&google_cver=1&gdpr=0&gdpr_consent=%5BGDPR_CONSENT%5D ct=image/gif len=43
200 GET https://s.seedtag.com/cs/cookiesync/bidswitch-beachfront?channeluid=93c9b27a-f6b3-41a3-8c64-57a76e1cf0ac&gdpr=0&gdpr_consent=&gdpr_pd= ct= len=0
302 GET https://sync.srv.stackadapt.com/sync?nid=169&gdpr=0&gdpr_consent= ct=text/html; charset=utf-8 len=172
302 GET https://id5-sync.com/i/231/8.gif?o=api&id5id=ID5*gmBQJ9_Pj0NGLfmNadXt3CzBvJk4kPmNadXt3CzBvJn__2q6QKdaAQEBCmq6QKcA5lUD5xxw_ioyg85FOn2rUg&gdpr_consent=undefined&gdpr=false&gpp=DBAA&gpp_sid=7 ct= len=
200 GET https://cm.g.doubleclick.net/pixel?google_nid=openx&google_hm=MmExOTNkZWQtM2IyZi0yOTY2LWQ0ZGItNTFhMGNkNmQ0MmMx&gdpr=0&gdpr_consent=%5BGDPR_CONSENT%5D ct=image/png len=170
302 GET https://user-sync.fwmrm.net/ad/u?mode=user-register&dspid=79&dspuid=CiQwMWEwZTc4Yy04ZjI1LTc4M2YtODI2OS05OTkwODg3NmZmNDkQBBoCTkEgUg&gdpr=0 ct=text/html len=0
302 GET https://ice.360yield.com/match?publisher_dsp_id=313&dsp_callback=1&external_user_id=0&r=https%3A%2F%2Fid5-sync.com%2Fcq%2F231%2F124%2F7%2F2.gif%3Fpuid%3D%7BPUB_USER_ID%7D%26gdpr%3D0%26gdpr_consent%3D%26gpp%3DDBAA%26gpp_s ct= len=0
302 GET https://ups.analytics.yahoo.com/ups/58934/cms?gdpr=0&gdpr_consent=%5BGDPR_CONSENT%5D ct=text/html len=0
302 GET https://match.adsrvr.org/track/cmf/openx?oxid=0676ee27-f258-77c2-c13b-0b19078f8ca1&gdpr=0&gdpr_consent=[GDPR_CONSENT] ct= len=335
302 GET https://c1.adform.net/serving/cookie/match/?party=18&gdpr=0&gdpr_consent= ct= len=0
200 GET https://token.rubiconproject.com/khaos.json?gdpr=0&khaos=MUL3QG4I-21-FRZS ct=application/json; charset=UTF-8 len=7
200 GET https://csync.smartadserver.com/rtb/csync/CookieSync.min.js ct=application/x-javascript len=16402
200 GET https://csync.smartadserver.com/rtb/csync/TemplatePool.min.js ct=application/x-javascript len=8393
200 GET https://ced-ns.sascdn.com/diff/js/modules/cmp.js ct=application/x-javascript len=7190
302 GET https://user-sync.fwmrm.net/ad/u?mode=user-register&dspid=55&dspuid=3656821217077196228&gdpr=0&gdpr_consent= ct=text/html len=0
302 GET https://ad.turn.com/r/cs?pid=45&id=RX-c604efea-8c00-4e20-a24a-9b0fd2edb415-005&rndcb=6663291621 ct= len=0
302 GET https://ad.turn.com/r/cs?pid=9&gdpr=0&gdpr_consent=[GDPR_CONSENT] ct= len=0
200 GET https://us-u.openx.net/w/1.0/sd?id=537073025&val=y-hqYB94tE2p8IHWfjZVGLf.84St1_DcdveEs-~A&gdpr=0 ct=image/gif len=43
200 GET https://us-u.openx.net/w/1.0/sd?id=537072971&val=488b13d5-04f7-420d-b7ee-9ef78888759c&ttd_puid=0676ee27-f258-77c2-c13b-0b19078f8ca1&gdpr=0&gdpr_consent= ct=image/gif len=43
302 GET https://sync.1rx.io/usersync/turn/3808654049246819439?dspret=1&gdpr=&gdpr_consent=&us_privacy= ct=text/html len=
302 GET https://ssum.casalemedia.com/usermatchredir?s=201465&cb=https%3A%2F%2Fuser-sync.fwmrm.net%2Fad%2Fu%3Fmode%3Duser-register%26dspid%3D71%26dspuid%3D_UID_%26gdpr%3D0%26gdpr_consent%3D ct= len=0
204 GET https://tr.blismedia.com/v1/api/sync/openx?gdpr=0&gdpr_consent=%5BGDPR_CONSENT%5D ct= len=
302 GET https://t.adx.opera.com/pub/sync?pubid=pub9283744565120 ct=text/html; charset=utf-8 len=111
200 GET https://us-u.openx.net/w/1.0/sd?id=537073061&val=3208878812712872954&gdpr=0&gdpr_consent=[GDPR_CONSENT]&us_privacy= ct=image/gif len=43
302 GET https://ssum.casalemedia.com/usermatchredir?cb=https%3A%2F%2Fuser-sync.fwmrm.net%2Fad%2Fu%3Fmode%3Duser-register%26dspid%3D71%26dspuid%3D_UID_%26gdpr%3D0%26gdpr_consent%3D&s=201465&C=1 ct= len=0
302 GET https://id5-sync.com/cq/231/124/7/2.gif?puid=a6e5aa1e-c115-408c-b5fb-c80db6ae0c86&gdpr=0&gdpr_consent=&gpp=DBAA&gpp_sid=7&gdpr=0&gdpr_consent= ct= len=
302 GET https://user-sync.fwmrm.net/ad/u?mode=user-register&dspid=71&dspuid=arpAp9HM6WkAABtDABQAZgAADc0AAAAB&gdpr=0&gdpr_consent= ct=text/html len=0
200 GET https://s.seedtag.com/cs/cookiesync/opera?channeluid=OPU888d290cddc74b5ca2289f8f63d64dbc ct= len=0
200 GET https://id.a-mx.com/sync?tao=1&&uid=60df0531-a452-4d64-a65e-e174f8a089d8 ct=application/json len=99
302 GET https://pixel-sync.sitescout.com/dmp/pixelSync?nid=103&gdpr=0&gdpr_consent= ct= len=0
302 GET https://a.sportradarserving.com/sync?ssp=bidswitch&bidswitch_ssp_id=seedtag&gdpr=0&gdpr_consent= ct= len=0
302 GET https://rtb.gumgum.com/getuid/id5?r=https%3A%2F%2Fid5-sync.com%2Fc%2F231%2F441%2F6%2F3.gif%3Fpuid%3D%5BUID%5D%26gdpr%3D0%26gdpr_consent%3D%26gpp%3DDBAA%26gpp_sid%3D7&gdpr=0&gdpr_consent= ct= len=0
200 GET https://ib.adnxs.com/prebid/setuid?bidder=amx&uid=60df0531-a452-4d64-a65e-e174f8a089d8&gdpr=0& ct=image/gif len=43
302 GET https://pixel.tapad.com/idsync/ex/push?partner_id=2499&partner_device_id=b0a0e98e-7ffa-4b0d-a1df-51a9903259d2-6aba40a7-5553&partner_url=https%3A%2F%2Fuser-sync.fwmrm.net%2Fad%2Fu%3Fmode%3Duser-register%26dspid%3D48%26dsp ct= len=0
302 GET https://a.sportradarserving.com/ul_cb/sync?ssp=bidswitch&bidswitch_ssp_id=seedtag&gdpr=0&gdpr_consent= ct= len=0
302 GET https://user-sync.fwmrm.net/ad/u?mode=user-register&dspid=48&dspuid=b0a0e98e-7ffa-4b0d-a1df-51a9903259d2-6aba40a7-5553&gdpr=0&gdpr_consent=&gpp=&gpp_sid= ct=text/html len=0
200 GET https://tracookiepixel.xyz/log?c_uid=None&cust_id=None&bdsp_uid=ABWX_07VdIEAAAIQiR3dqA&key=af004bf9e3af8f9275b3bf8945e895b6446bf14bb0f1b0b93afc00ed40ac348c&gdpr=0 ct=application/javascript; charset=utf-8 len=40
302 GET https://x.bidswitch.net/sync?dsp_id=409&expires=14&user_group=1&user_id=7f423bfd-3674-4c0c-a99a-b2d7a29545b7&ssp=seedtag ct= len=0
CONSOLE error: Refused to display 'https://tracookiepixel.xyz/' in a frame because it set 'X-Frame-Options' to 'deny'.
200 GET https://s.seedtag.com/cs/cookiesync/Bidswitch?channeluid=93c9b27a-f6b3-41a3-8c64-57a76e1cf0ac&gdpr=&gdpr_consent= ct= len=0
302 GET https://id5-sync.com/c/231/441/6/3.gif?puid=u_faf92bab-edc6-4d0b-abb1-dbc246f7970c&gdpr=0&gdpr_consent=&gpp=DBAA&gpp_sid=7 ct= len=
200 GET https://ow.pubmatic.com/setuid?bidder=amx&uid=60df0531-a452-4d64-a65e-e174f8a089d8&gdpr=0& ct=text/html len=0
200 GET https://ut.pubmatic.com/geo?pubid=157743 ct=application/json len=22
302 GET https://sync.targeting.unrulymedia.com/csync/RX-c604efea-8c00-4e20-a24a-9b0fd2edb415-005?redir=https%3A%2F%2Fs.seedtag.com%2Fcs%2Fcookiesync%2Fnexxen%3Fchanneluid%3DRX-c604efea-8c00-4e20-a24a-9b0fd2edb415-005 ct=text/html len=
200 GET https://s.seedtag.com/cs/cookiesync/nexxen?channeluid=RX-c604efea-8c00-4e20-a24a-9b0fd2edb415-005 ct= len=0
302 GET https://pixel-eu.rubiconproject.com/exchange/sync.php?p=seedtag&gdpr_consent=undefined&gdpr=0&khaos=MUL3QG4I-21-FRZS ct=text/html len=0
200 GET https://s.seedtag.com/cs/cookiesync/Rubicon?channeluid=MUL3QG4I-21-FRZS&gdpr=0&gdpr_consent=undefined ct= len=0
200 GET https://csync.smilewanted.com/getuid?source=id5&gdpr=0&gdprconsent=&us_privacy=&redirect=https%3A%2F%2Fid5-sync.com%2Fc%2F231%2F846%2F5%2F4.gif%3Fpuid%3D%24UID%26gdpr%3D0%26gdpr_consent%3D%26gpp%3DDBAA%26gpp_sid%3D7 ct=text/html; charset=UTF-8 len=
204 POST https://id.rtb.mx/rum?uid=60df0531-a452-4d64-a65e-e174f8a089d8&d=1790591144067 ct= len=
200 GET https://simage4.pubmatic.com/AdServer/SPug?partnerID=160295&gdpr=0&gdpr_consent=&us_privacy=&gpp=&gpp_sid= ct= len=
200 GET https://image6.pubmatic.com/AdServer/PugMaster?sec=1&async=1&kdntuid=1&rnd=83613086&p=157743&s=0&a=0&ptask=ALL&np=0&fp=0&rp=1&mpc=0&spug=1&coppa=0&gdpr=0&gdpr_consent=[GDPR_CONSENT]&us_privacy=[US_PRIVACY]&gpp=[GPP]&gpp_ ct=text/html; charset=UTF-8 len=
200 GET https://c1.adform.net/serving/cookie/match?party=14&cid=0A611856-FC1F-4812-A98E-D4F578F13133&gdpr=0&gdpr_consent=[GDPR_CONSENT] ct=image/gif len=
302 GET https://ib.adnxs.com/getuid?https://simage2.pubmatic.com/AdServer/Pug?vcode=bz0yJnR5cGU9MSZjb2RlPTc4JnRsPTE1NzY4MDA=&piggybackCookie=$UID&gdpr=0&gdpr_consent=[GDPR_CONSENT]&us_privacy=[US_PRIVACY]&gpp=[GPP]&gpp_sid=[GPP_ ct=text/html; charset=utf-8 len=0
302 GET https://c1.adform.net/serving/cookie/match?party=14&redirect=https://simage2.pubmatic.com/AdServer/Pug?vcode=bz0yJnR5cGU9MSZjb2RlPTI4NzUmdGw9NDMyMDA=&piggybackCookie=[PLACE%20YOUR%20PIGGYBACK%20COOKIES%20HERE]&gdpr=0&gdp ct= len=0
302 GET https://b1sync.outbrain.com/usersync/pubmatic/?cb=https%3A%2F%2Fsimage2.pubmatic.com%2FAdServer%2FPug%3Fvcode%3Dbz0yJnR5cGU9MSZjb2RlPTMzNDMmdGw9MTI5NjAw%26piggybackCookie%3D__UID__&gdpr=0&gdpr_consent=[GDPR_CONSENT]&us_p ct=text/html; charset=utf-8 len=239
307 GET https://tr.blismedia.com/v1/api/sync/pubmatic?&gdpr=0&gdpr_consent=[GDPR_CONSENT]&us_pricacy=[US_PRIVACY] ct= len=0
302 GET https://ad.turn.com/r/cs?pid=1&gdpr=0&gdpr_consent=[GDPR_CONSENT]&us_privacy=[US_PRIVACY]&gpp=[GPP]&gpp_sid=[GPP_SID] ct= len=0
200 GET https://simage2.pubmatic.com/AdServer/Pug?vcode=bz0yJnR5cGU9MSZjb2RlPTc4JnRsPTE1NzY4MDA=&piggybackCookie=8634559812245746265&gdpr=0&gdpr_consent=[GDPR_CONSENT]&us_privacy=[US_PRIVACY]&gpp=[GPP]&gpp_sid=[GPP_SID] ct=image/gif; charset=utf-8 len=42
200 GET https://simage2.pubmatic.com/AdServer/Pug?vcode=bz0yJnR5cGU9MSZjb2RlPTI4NzUmdGw9NDMyMDA=&gdpr=0&gdpr_consent=%5BGDPR_CONSENT%5D&gpp=%5BGPP%5D&gpp_sid=%5BGPP_SID%5D&piggybackCookie=3656821217077196228 ct=image/gif; charset=utf-8 len=42
200 GET https://simage2.pubmatic.com/AdServer/Pug?vcode=bz0yJnR5cGU9MSZjb2RlPTMzNDMmdGw9MTI5NjAw&piggybackCookie=94304c46-f420-4df4-b5a6-6a5f6b19a6eb&gdpr=0&gdpr_consent=[GDPR_CONSENT]&us_privacy=[US_PRIVACY] ct=image/gif; charset=utf-8 len=42
200 GET https://image2.pubmatic.com/AdServer/Pug?vcode=bz0yJnR5cGU9MSZjb2RlPTM3MjkmdGw9MjAxNjA=&piggybackCookie=6ABA40A7BCA047419E878BA1_&gdpr=0&gdpr_consent=[GDPR_CONSENT]&us_privacy=&gpp=&gpp_sid= ct=image/gif; charset=utf-8 len=42
200 GET https://aa.agkn.com/adscores/g.pixel?sid=9212308278&puid=0A611856-FC1F-4812-A98E-D4F578F13133 ct=image/gif len=43
200 GET https://image2.pubmatic.com/AdServer/Pug?vcode=bz0yJnR5cGU9MSZqcz0xJmNvZGU9ODImdGw9MTU3NjgwMCZkcF9pZD0yMg==&piggybackCookie=3208878812712872954&gdpr=0&gdpr_consent=[GDPR_CONSENT]&us_privacy=[US_PRIVACY] ct=text/html; charset=utf-8 len=1
200 GET https://s.seedtag.com/cs/cookiesync/pubmatic?channeluid=0A611856-FC1F-4812-A98E-D4F578F13133 ct= len=0
302 GET https://t.adx.opera.com/pub/sync?pubid=pub8730968190912&gdpr=0&gdpr_consent=[GDPR_CONSENT] ct=text/html; charset=utf-8 len=283
302 GET https://creativecdn.com/cm-notify?pi=pubmatic&gdpr=0&gdpr_consent=[GDPR_CONSENT]&us_privacy=[US_PRIVACY]&gpp=[GPP]&gpp_sid=[GPP_SID] ct= len=0
302 GET https://pmp.mxptint.net/sn.ashx?&gdpr=0&gdpr_consent=[GDPR_CONSENT]&us_privacy=[US_PRIVACY]&gpp=[GPP]&gpp_sid=[GPP_SID] ct= len=0
302 GET https://sync.mathtag.com/sync/img?mt_exid=3&gdpr=0&gdpr_consent=[GDPR_CONSENT]&redir=https%3A%2F%2Fsimage2.pubmatic.com%2FAdServer%2FPug%3Fvcode%3Dbz0yJnR5cGU9MSZjb2RlPTM2MiZ0bD0xMjk2MDA%3D%3D%26piggybackCookie%3Duid%3A% ct=image/gif len=0
302 GET https://dsp.adkernel.com/sync?exchange=4&r=https%3A%2F%2Fimage2.pubmatic.com%2FAdServer%2FPug%3Fvcode%3Dbz0yJnR5cGU9MSZjb2RlPTQwNTkmdGw9MTI5NjAw%26piggybackCookie%3D%7BUID%7D&gdpr=&gdpr_consent=&gpp_sid=&gpp=&us_privacy= ct= len=0
302 GET https://www.temu.com/api/adx/cm/pixel-opera?adx_uid=b9520755b6dc864b&gdpr=0&gdpr_consent=&us_privacy=&redir=https%3A%2F%2Ft.oa.opera.com%2Fsync%3Fvendor%3D60369%26pubid%3Dpub8730968190912%26gdpr%3D0%26consent%3D%26us_pri ct= len=0
200 GET https://simage2.pubmatic.com/AdServer/Pug?vcode=bz0yJnR5cGU9MSZjb2RlPTMwNTQmdGw9NDMyMDA%3D&piggybackCookie=AgrikhguIVylEloPuqlhQYIUEHXvFqUh2kuj57fqKtU&pi=pubmatic&gdpr=0&gdpr_consent=%5BGDPR_CONSENT%5D&us_privacy=%5BUS_P ct=image/gif; charset=utf-8 len=42
302 GET https://cs.krushmedia.com/d0d3910d86e99acbd84ac90b691dc0c5.gif?puid=[UID]&redir=[RED]&gdpr=0&gdpr_consent=[GDPR_CONSENT]&us_privacy=[US_PRIVACY]&gpp=[GPP]&gpp_sid=[GPP_SID]&ccpa=[CCPA]&coppa=[COPPA] ct= len=0
302 GET https://dsp.360yield.com/dsp_match/275?ssp=76&gdpr=0&gdpr_consent=[GDPR_CONSENT]&r=https://image2.pubmatic.com/AdServer/Pug?vcode=bz0yJnR5cGU9MSZjb2RlPTM3MzUmdGw9MTI5NjAw&piggybackCookie={DSP_USER_ID} ct= len=0
302 GET https://sync.adtech.ink/psync?t=s&e=251&cb=https%3A%2F%2Fimage2.pubmatic.com%2FAdServer%2FPug%3Fvcode%3Dbz0yJnR5cGU9MSZjb2RlPTM5NDcmdGw9MTI5NjAw%26piggybackCookie%3D%25USER_ID%25&gdpr=0&gdpr_consent=[GDPR_CONSENT]&us_pri ct= len=
302 GET https://simage2.pubmatic.com/AdServer/Pug?vcode=bz0yJnR5cGU9MSZqcz0xJmNvZGU9Mjc0NCZ0bD0xNTc2ODAw&piggybackCookie=R37AA7_14226CC0A_13196F23F&r=https://pmp.mxptint.net/sn.ashx?ak=1 ct= len=
200 GET https://simage2.pubmatic.com/AdServer/Pug?vcode=bz0yJnR5cGU9MSZjb2RlPTM2MiZ0bD0xMjk2MDA==&piggybackCookie=uid:3ad26aba-40ab-4400-bc15-4e2a19f9fdf4&gdpr=0&gdpr_consent=[GDPR_CONSENT] ct=image/gif; charset=utf-8 len=42
302 GET https://cm.adgrx.com/bridge?AG_PID=pubmatic&AG_SETCOOKIE&gdpr=0&gdpr_consent=[GDPR_CONSENT]&us_privacy=[US_PRIVACY]&gpp=[GPP]&gpp_sid=[GPP_SID] ct=image/gif len=0
302 GET https://a.tribalfusion.com/i.match?p=b11&redirect=https://simage2.pubmatic.com/AdServer/Pug?vcode=bz0yJnR5cGU9MSZjb2RlPTMzMjYmdGw9MTI5NjAw&piggybackCookie=$TF_USER_ID_ENC$&gdpr=0&gdpr_consent=[GDPR_CONSENT]&us_privacy=[U ct=text/html len=
200 GET https://image2.pubmatic.com/AdServer/Pug?vcode=bz0yJnR5cGU9MSZjb2RlPTQwNTkmdGw9MTI5NjAw&piggybackCookie=A8342458769551704566 ct=image/gif; charset=utf-8 len=42
302 GET https://sync.adkernel.com/user-sync?zone=218872&t=image&r=https://image2.pubmatic.com/AdServer/Pug?vcode=bz0yJnR5cGU9MSZjb2RlPTM2MjgmdGw9MjE2MDA=&piggybackCookie={UID}&gdpr=0&gdpr_consent=[GDPR_CONSENT]&us_privacy=[US_PR ct= len=0
200 GET https://ipac.ctnsnet.com/int/cm?exc=14&redir=https://simage2.pubmatic.com/AdServer/Pug?vcode=bz0yJnR5cGU9MSZjb2RlPTM0MTEmdGw9MjAxNjA=&piggybackCookie=[user_id]&gdpr=0&gdpr_consent=[GDPR_CONSENT] ct=image/gif len=43
200 GET https://image2.pubmatic.com/AdServer/Pug?vcode=bz0yJnR5cGU9MSZjb2RlPTM4NTgmdGw9NDMyMDA=&piggybackCookie=b38bf353-c83d-52ef-91eb-2ba09b714a4f&gdpr=0&gdpr_consent=[GDPR_CONSENT]&gpp=[GPP]&gpp_sid=[GPP_SID] ct=image/gif; charset=utf-8 len=42
200 GET https://pmp.mxptint.net/sn.ashx?ak=1 ct=image/gif len=
200 GET https://prebid.a-mo.net/cchain/0?gdpr=0&gdpr_consent=&us_privacy=&gpp=&gpp_sid=&cb=https%3A%2F%2Fsync.adkernel.com%2Fuser-sync%3Fzone%3D218872%26dsp%3D343983%26t%3Dimage%26uid%3D%24UID ct=text/html; charset=utf-8 len=
200 GET https://image2.pubmatic.com/AdServer/Pug?vcode=bz0yJnR5cGU9MSZjb2RlPTM3MzUmdGw9MTI5NjAw&piggybackCookie=a6e5aa1e-c115-408c-b5fb-c80db6ae0c86&gdpr=0&gdpr_consent=[GDPR_CONSENT] ct=image/gif; charset=utf-8 len=42
200 GET https://image2.pubmatic.com/AdServer/Pug?vcode=bz0yJnR5cGU9MSZjb2RlPTM5NDcmdGw9MTI5NjAw&piggybackCookie=C-eAGrVopXslKKNPbz9qowNVeqBQAk6ARt ct=image/gif; charset=utf-8 len=42
302 GET https://cs.loudecho.ai/sync?id=20 ct= len=0
302 GET https://cm.adgrx.com/bridge.gif?AG_PID=pubmatic&gdpr=0&gdpr_consent=%5BGDPR_CONSENT%5D&gpp=%5BGPP%5D&gpp_sid=%5BGPP_SID%5D&us_privacy=%5BUS_PRIVACY%5D ct=image/gif len=0
302 GET https://sync.resetdigital.co/csync/pubmatic&gdpr=0&gdpr_consent=[GDPR_CONSENT]&us_privacy=[US_PRIVACY]&gpp=[GPP]&gpp_sid=[GPP_SID] ct=text/html len=0
200 GET https://a.amxrtb.com/js/cframe.js ct=text/javascript len=
302 GET https://cms.quantserve.com/pixel/p-5aWVS_roA1dVM.gif?idmatch=0&gdpr=0&gdpr_consent=[GDPR_CONSENT]&us_privacy=[US_PRIVACY]&gpp=[GPP]&gpp_sid=[GPP_SID] ct= len=0
200 GET https://simage2.pubmatic.com/AdServer/Pug?vcode=bz0yJnR5cGU9MSZjb2RlPTMzMDEmdGw9MTI5NjAw&piggybackCookie=f8470a15-bb26-11f1-b796-51b1adab7454 ct=image/gif; charset=utf-8 len=42
200 GET https://simage2.pubmatic.com/AdServer/Pug?vcode=bz0yJnR5cGU9MSZjb2RlPTM0MTgmdGw9NzIwMA==&piggybackCookie=000012385E10C5D8 ct=image/gif; charset=utf-8 len=42
200 GET https://image2.pubmatic.com/AdServer/Pug?vcode=bz0yJnR5cGU9MSZjb2RlPTQxOTImdGw9MTI5NjAw&piggybackCookie=427a0e78c9d92000dcc895080545&gdpr=0&gdpr_consent= ct=image/gif; charset=utf-8 len=42
204 GET https://cm-mx.advolve.io/pixel?adx_id=462&vcode=bz0yJnR5cGU9MSZjb2RlPTQwNTImdGw9MTI5NjAw&adx_uid=$UID&gdpr=0&gdpr_consent=[GDPR_CONSENT]&us_privacy=[US_PRIVACY]&gpp=[GPP]&gpp_sid=[GPP_SID] ct= len=
302 GET https://s.company-target.com/s/pm?puid=${PUBMATIC_UID}&gdpr=0&gdpr_consent=[GDPR_CONSENT]&us_privacy=[US_PRIVACY]&gpp=[GPP]&gpp_sid=[GPP_SID] ct=text/html; charset=utf-8 len=290
204 GET https://ums.acuityplatform.com/tum?umid=6&gdpr=0&gdpr_consent=[GDPR_CONSENT]&us_privacy=[US_PRIVACY]&gpp=[GPP]&gpp_sid=[GPP_SID] ct= len=
200 GET https://cpm.vistarsagency.com/user-sync?zone=383926&r=https://image2.pubmatic.com/AdServer/Pug?vcode=bz0yJnR5cGU9MSZjb2RlPTQxNTcmdGw9MTI5NjAw&piggybackCookie={UID}&gdpr=0&gdpr_consent=[GDPR_CONSENT]&us_privacy=[US_PRIVAC ct=text/html; charset=utf-8 len=864
302 GET https://cms.quantserve.com/pixel/p-5aWVS_roA1dVM.gif?idmatch=0&gdpr=0&gdpr_consent=[GDPR_CONSENT]&us_privacy=[US_PRIVACY]&gpp=[GPP]&gpp_sid=[GPP_SID]&__qcmcs=1 ct= len=0
302 GET https://s.tribalfusion.com/z/i.match?p=b11&redirect=https://simage2.pubmatic.com/AdServer/Pug?vcode=bz0yJnR5cGU9MSZjb2RlPTMzMjYmdGw9MTI5NjAw&piggybackCookie=$TF_USER_ID_ENC$&gdpr=0&gdpr_consent=[GDPR_CONSENT]&us_privacy= ct=text/html len=
200 GET https://image2.pubmatic.com/AdServer/Pug?vcode=bz0yJnR5cGU9MSZjb2RlPTQyODQmdGw9NDMyMDA=&piggybackCookie=0b405575-9be1-48e5-b710-b59abb739ef7&gdpr=0&gdpr_consent=%5BGDPR_CONSENT%5D&us_privacy=%5BUS_PRIVACY%5D&gpp=%5BGPP%5 ct=image/gif; charset=utf-8 len=42
302 GET https://sync.adkernel.com/user-sync?zone=218872&dsp=343983&t=image&uid=c6406cb8-b2a2-4c08-be6c-98972ed9a5ef& ct= len=0
200 GET https://image2.pubmatic.com/AdServer/Pug?us_privacy=[US_PRIVACY]&gpp=[GPP]&gpp_sid=[GPP_SID]&gdpr_consent=[GDPR_CONSENT]&gdpr=0&vcode=bz0yJnR5cGU9MSZjb2RlPTExMTMmdGw9NDMyMDA=&piggybackCookie=haCugofxrYGe9_ragvfhh4air9ue9 ct=image/gif; charset=utf-8 len=42
200 GET https://simage2.pubmatic.com/AdServer/Pug?vcode=bz0yJnR5cGU9MSZjb2RlPTMzMjYmdGw9MTI5NjAw ct=image/gif; charset=utf-8 len=42
302 GET https://uipglob.semasio.net/pubmatic/1/info?sType=sync&sExtCookieId=0A611856-FC1F-4812-A98E-D4F578F13133&sInitiator=external&gdpr=0&gdpr_consent=[GDPR_CONSENT] ct= len=0
200 GET https://image2.pubmatic.com/AdServer/Pug?vcode=bz0yJnR5cGU9MSZjb2RlPTM2MjgmdGw9MjE2MDA=A627079354755284257 ct=image/gif; charset=utf-8 len=42
302 GET https://prism-tracking.pacvue.com/tracking/user/sync/pubmatic-adx&gdpr=0&gdpr_consent=[GDPR_CONSENT]&gpp=[GPP]&gpp_sid=[GPP_SID]&ccpa=[CCPA] ct= len=0
200 GET https://image2.pubmatic.com/AdServer/Pug?vcode=bz0yJnR5cGU9MSZjb2RlPTQxNjkmdGw9MTI5NjAw&piggybackCookie=81e81fd85b464eb193ed3aed71079516&gdpr=0&gdpr_consent=%5BGDPR_CONSENT%5D&gpp=%5BGPP%5D&gpp_sid=%5BGPP_SID%5D&ccpa=%5B ct=image/gif; charset=utf-8 len=42
200 GET https://us-east-1-cs-rtb.openwebmp.com/sync-iframe?gdpr=0&gdpr_consent=&gpp=&gpp_sid=&redirect=https%3A%2F%2Fcpm.vistarsagency.com%2Fuser-sync%3Fzone%3D383926%26dsp%3D1319215%26t%3Diframe%26uid%3D%7BpartnerId%7D ct=text/html len=
307 GET https://csync.loopme.me/?pubid=11331&redirect=https%3A%2F%2Fsimage2.pubmatic.com%2FAdServer%2FPug%3Fvcode%3Dbz0yJnR5cGU9MSZjb2RlPTM0MzImdGw9MTI5NjAw%26piggybackCookie%3D{viewer_token}&gdpr_consent=[GDPR_CONSENT]&gdpr=0&u ct= len=0
302 GET https://uipglob.semasio.net/pubmatic/1/info2?sType=sync&sExtCookieId=0A611856-FC1F-4812-A98E-D4F578F13133&sInitiator=external&gdpr=0&gdpr_consent=[GDPR_CONSENT] ct= len=0
200 GET https://simage2.pubmatic.com/AdServer/Pug?vcode=bz0yJnR5cGU9MSZjb2RlPTM0MzImdGw9MTI5NjAw&piggybackCookie=450af2a1-a176-468d-8d0c-cba0785ea00e&gpp_sid=[GPP_SID]&gpp=[GPP]&us_privacy=[US_PRIVACY]&gdpr_consent=[GDPR_CONSENT ct=image/gif; charset=utf-8 len=42
302 GET https://ssc-cms.33across.com/ps/?id=001Pg00000HgK4BIAV&m=xch&rt=html&ru=https%3A%2F%2Fcs.openwebmp.com%2Fcs%3Ffwrd%3D1%26aid%3D40043%26id%3D33XUSERID33X ct= len=0
200 GET https://eus.rubiconproject.com/usync.html?endpoint=us-east&p=17184-d ct=text/html len=224
302 GET https://user-sync.fwmrm.net/ad/u?cr=https%3A%2F%2Fcs.openwebmp.com%2Fcs%3Ffwrd%3D1%26aid%3D40030%26id%3D%23%7Buser.id%7D&mode=echo ct=text/html len=0
302 GET https://sync.pmbmonetize.live/psync?t=s&e=102&cb=https%3A%2F%2Fcpm.vistarsagency.com%2Fuser-sync%3Fzone%3D383926%26dsp%3D904755%26t%3Dimage%26uid%3D%25USER_ID%25 ct= len=
200 GET https://eus.rubiconproject.com/usync.js ct=text/html;charset=UTF-8 len=11678
302 GET https://x.bidswitch.net/sync?gdpr=0&gdpr_consent=&ssp=adyoulike ct= len=0
302 GET https://b1sync.outbrain.com/usersync/adyoulike/?cb=https%3A%2F%2Fcs.openwebmp.com%2Fcs%3Ffwrd%3D1%26aid%3D40050%26uid%3D__UID__&gdpr=0&gdpr_consent=%5BGDPR_CONSENT%5D&gpp=%5BGPP%5D&gpp_sid=%5BGPP_SID%5D&us_privacy=%5BUS_ ct=text/html; charset=utf-8 len=187
302 GET https://image8.pubmatic.com/AdServer/ImgSync?gdpr=0&gdpr_consent=&p=160925&pu=https%3A%2F%2Fcs.openwebmp.com%2Fcs%3Ffwrd%3D1%26aid%3D40059%26id%3D%23PMUID&us_privacy=%5BUS_PRIVACY%5D ct=text/html; charset=utf-8 len=115
200 GET https://sync.a-mo.net/cchain?cb=https%3A%2F%2Fcs.openwebmp.com%2Fcs%3Ffwrd%3D1%26aid%3D40018%26uid%3D&gdpr=0&gdpr_consent= ct=text/html; charset=utf-8 len=
200 GET https://onetag-sys.com/usync/?gdpr=0&gdpr_consent=&pubId=86bd773208c31e6 ct=text/html len=2504
302 GET https://eb2.3lift.com/getuid?gdpr=0&gdpr_consent=&redir=https%3A%2F%2Fcs.openwebmp.com%2Fcs%3Ffwrd%3D1%26aid%3D40028%26id%3D%24UID ct= len=0
302 GET https://ssp-sync.criteo.com/user-sync/redirect?gdpr=0&gdpr_consent=&profile=342&redir=https%3A%2F%2Fcs.openwebmp.com%2Fcs%3Ffwrd%3D1%26aid%3D40045%26id%3D%24%7BCRITEO_USER_ID%7D ct= len=0
302 GET https://ads.yieldmo.com/pbsync?gdpr=0&gdpr_consent=&gpp=%5BGPP%5D&gpp_sid=%5BGPP_SID%5D&is=opnwb&redirectUri=https%3A%2F%2Fcs.openwebmp.com%2Fcs%3Ffwrd%3D1%26aid%3D40039%26uid%3D%24UID ct=application/json;charset=utf-8 len=0
302 GET https://sync.inmobi.com/oRTB?gdpr=&gdpr_consent=&redirect=https%3A%2F%2Fcs.openwebmp.com%2Fcs%3Ffwrd%3D1%26aid%3D40016%26id%3D%7BID5UID%7D ct= len=0
307 GET https://ap.lijit.com/pixel?gdpr=0&gdpr_consent=&redir=https%3A%2F%2Fcs.openwebmp.com%2Fcs%3Ffwrd%3D1%26aid%3D40021%26id%3D%24UID ct= len=0
200 GET https://jadserve.postrelease.com/suid/102008?gdpr=0&gdpr_consent=&ntv_r=https%3A%2F%2Fcs.openwebmp.com%2Fcs%3Ffwrd%3D1%26aid%3D40046%26id%3DNTV_USER_ID ct=image/gif len=43
302 GET https://ib.adnxs.com/getuid?https%3A%2F%2Fcs.openwebmp.com%2Fcs%3Ffwrd%3D1%26aid%3D40026%26id%3D%24UID&gdpr=0&gdpr_consent= ct=text/html; charset=utf-8 len=0
302 GET https://ssbsync.smartadserver.com/api/sync?callerId=132 ct= len=0
302 GET https://pixel-sync.sitescout.com/dmp/pixelSync?nid=117 ct= len=0
302 GET https://cs.media.net/cksync?cs=88&gdpr=%7BGDPR%7D&gdpr_consent=%7BGDPR_CONSENT%7D&redirect=https%3A%2F%2Fcs.openwebmp.com%2Fcs%3Ffwrd%3D1%26aid%3D40034%26id%3D%3Cvsid%3E&type=opd ct=text/html; charset=utf-8 len=144
302 GET https://openweb-match.dotomi.com/match/bounce/current?gdpr=0&gdpr_consent=&networkId=9252335&nuid=&version=1 ct= len=0
302 GET https://sync.1rx.io/usersync2/rmpssp?gdpr=0&gdpr_consent=&redir=https%3A%2F%2Fcs.openwebmp.com%2Fcs%3Ffwrd%3D1%26aid%3D40017%26id%3D%5BRX_UUID%5D&sub=rise ct=text/html len=
302 GET https://sync.pmbmonetize.live/psync?cb=https%3A%2F%2Fcs.openwebmp.com%2Fcs%3Ffwrd%3D1%26aid%3D40047%26id%3D%25USER_ID%25&e=118&t=s ct= len=
302 GET https://ssum-sec.casalemedia.com/usermatchredir?cb=https%3A%2F%2Fcs.openwebmp.com%2Fcs%3Ffwrd%3D1%26aid%3D40025%26id%3D&gdpr=0&gdpr_consent=&s=190532 ct= len=0
200 GET https://a.amxrtb.com/js/cframe.js ct=text/javascript len=
302 GET https://match.sharethrough.com/universal/v1?gdpr=0&gdpr_consent=&supply_id=wldemn0V ct= len=0
200 GET https://us-u.openx.net/w/1.0/cm?gdpr=0&gdpr_consent=&id=5c25ba01-8014-471d-b115-9488b0bab07b&ph=bb3dfa1e-28f2-4379-aa01-73e27cdce2ee&r=https%3A%2F%2Fcs.openwebmp.com%2Fcs%3Ffwrd%3D1%26aid%3D40019%26id%3D%7BOPENX_ID%7D ct=text/html len=555
302 GET https://sync.inmobi.com/sync?redirect=https%3A%2F%2Fcs.openwebmp.com%2Fcs%3Ffwrd%3D1%26aid%3D40016%26id%3D%7BID5UID%7D&gdpr_consent=&gdpr=&us_privacy=&gdpr_pd=&source=5&google_push=&retry=&gpp=&gpp_sid= ct= len=0
200 GET https://cs.openwebmp.com/cs?aid=40059&fwrd=1&id=0A611856-FC1F-4812-A98E-D4F578F13133 ct=application/javascript len=0
200 GET https://cs.openwebmp.com/cs?fwrd=1&aid=40034&id=4335927425206123000V10 ct=application/javascript len=0
200 GET https://cs.openwebmp.com/cs?fwrd=1&aid=40021&id=Naqx0LZHAaDnjIrCYWdbe0Zl ct=application/javascript len=0
200 GET https://cs.openwebmp.com/cs?aid=40022&id=b0a0e98e-7ffa-4b0d-a1df-51a9903259d2-6aba40a7-5553&gdpr=0&gdpr_consent=&gpp=&gpp_sid= ct=application/javascript len=0
200 GET https://cs.openwebmp.com/cs?fwrd=1&aid=40026&id=8634559812245746265&gdpr=0&gdpr_consent= ct=application/javascript len=0
200 GET https://cs.openwebmp.com/cs?fwrd=1&aid=40028&id=507751864630567847337 ct=application/javascript len=0
200 GET https://cs.openwebmp.com/cs?fwrd=1&aid=40030&id=umo1fb7_7691687118086555032 ct=application/javascript len=0
200 GET https://cs.openwebmp.com/cs?aid=40029&id=4316713059924783614&gdpr=0&gdpr_consent=&gpp=[GPP]&gpp_sid=[GPP_SID] ct=application/javascript len=0
200 GET https://cs.openwebmp.com/cs?fwrd=1&aid=40050&uid=94304c46-f420-4df4-b5a6-6a5f6b19a6eb&gdpr=0&gdpr_consent=[GDPR_CONSENT]&us_privacy=[US_PRIVACY] ct=application/javascript len=0
200 GET https://cs.openwebmp.com/cs?fwrd=1&aid=40039&uid=wRAumLL__uLrFdIhKTIi&gdpr=0&gdpr_consent=&gpp=[GPP]&gpp_sid=[GPP_SID] ct=application/javascript len=0
302 GET https://openweb-match.dotomi.com/match/bounce/current?DotomiTest=2da3bac5ac9023b3&is_secure=true&gdpr=0&gdpr_consent=&networkId=9252335&nuid=&version=1 ct= len=0
302 GET https://match.adsrvr.org/track/cmf/generic?ttd_pid=adconductor&ttd_tpi=1&rndcb=8414236768 ct= len=181
404 GET https://x.bidswitch.net/sync?ssp=criteo&custom_data=EYQYCl8lMkY5QXdBTHlMa1lkdWpOaXl0VUtwejZ1bG15cDBBUlk2bU9HM1ExaDRVRzNhVGxHd05QbW5WUGgzSXpZaGVaamt1akpBaldmUVJGZFNITE8yTFNWS0NzQXh1cWRteVp5U0xENUFZdXo5cCUyRk15ZGEzc29WSW1P ct=text/html; charset=UTF-8 len=0
CONSOLE error: Failed to load resource: the server responded with a status of 404 ()
200 GET https://cs.openwebmp.com/cs?fwrd=1&aid=40025&id=arpAp9HM6WkAABtDABQAZgAA%263533 ct=application/javascript len=0
307 GET https://de.tynt.com/deb/?id=001Pg00000HgK4BIAV&m=xch&rt=html&ru=https%3A%2F%2Fcs.openwebmp.com%2Fcs%3Ffwrd%3D1%26aid%3D40043%26id%3D33XUSERID33X ct= len=0
302 GET https://sync-tm.everesttech.net/upi/pid/ny75r2x0?redir=https%3A%2F%2Fus-u.openx.net%2Fw%2F1.0%2Fsd%3Fid%3D537148856%26val%3D%24%7BTM_USER_ID%7D ct= len=0
302 GET https://creativecdn.com/cm-notify?pi=adyoulike ct= len=0
302 GET https://sync.ipredictive.com/d/sync/cookie/generic?https://us-u.openx.net/w/1.0/sd?id=537073028&val=${ADELPHIC_CUID} ct=text/html; charset=utf-8 len=112
200 GET https://token.rubiconproject.com/khaos.json?gdpr=0&khaos=MUL3QG4I-21-FRZS ct=application/json; charset=UTF-8 len=7
302 GET https://sync.1rx.io/usersync/tradedesk/488b13d5-04f7-420d-b7ee-9ef78888759c ct=text/html len=
200 GET https://cs.openwebmp.com/cs?fwrd=1&aid=40019&id=ea9de245-62c5-418d-bdf3-146dd5dcff8d ct=application/javascript len=0
200 GET https://cs.openwebmp.com/cs?fwrd=1&aid=40018&uid=c6406cb8-b2a2-4c08-be6c-98972ed9a5ef ct=application/javascript len=0
200 GET https://cs.openwebmp.com/cs?aid=40027&id=d07d227e-d156-4997-b070-405b8a6f061f&gdpr=0 ct=application/javascript len=0
200 GET https://hde.tynt.com/deb/?id=001Pg00000HgK4BIAV&m=xch&rt=html&ru=https%3A%2F%2Fcs.openwebmp.com%2Fcs%3Ffwrd%3D1%26aid%3D40043%26id%3D33XUSERID33X&b=1 ct=text/html len=2002
200 GET https://cs.openwebmp.com/cs?aid=40033&id=AQAA1aNeKOCifAJYsReGAQEBAQEBAQCh5o2fjgEBAKHmjZ-O&expiration=1790677547&nuid=&is_secure=true&gdpr_consent=&gdpr=0 ct=application/javascript len=0
302 GET https://sync.inmobi.com/sync?redirect=https%3A%2F%2Fcs.openwebmp.com%2Fcs%3Ffwrd%3D1%26aid%3D40016%26id%3D%7BID5UID%7D&gdpr_consent=&gdpr=&us_privacy=&gdpr_pd=&source=5&google_push=&retry=true&gpp=&gpp_sid= ct= len=0
200 GET https://pixel.onaudience.com/?partner=214&mapped=0A611856-FC1F-4812-A98E-D4F578F13133&gdpr=0&gdpr_consent=[GDPR_CONSENT]&us_privacy=[US_PRIVACY]&gpp=[GPP]&gpp_sid=[GPP_SID] ct= len=0
303 GET https://match.prod.bidr.io/cookie-sync/ox ct= len=0
302 GET https://syncingbridge.com/user?gdpr=0&gdpr_consent=&p=12&redirect=https%3A%2F%2Fcs.openwebmp.com%2Fcs%3Ffwrd%3D1%26aid%3D40058%26id%3D%7BUID%7D&usp_consent=%5BUS_PRIVACY%5D ct= len=
302 GET https://pixel-sync.sitescout.com/dmp/pixelSync?nid=4&gdpr=0&gpp=&gpp_sid= ct= len=0
302 GET https://hb.trustedstack.com/cksync.php?cs=61&type=pol&gdpr=&gdpr_consent=&us_privacy=&gpp_sid=&redirect=https%3A%2F%2Fsync.pmbmonetize.live%2Fpsync%3Ft%3Dd%26e%3D249%26u%3D%3Cvsid%3E%26clp%3DaHR0cHM6Ly9jcG0udmlzdGFyc2FnZ ct=text/html; charset=utf-8 len=265
307 GET https://id.rlcdn.com/464246.gif?partner_uid=53b09141-3f1f-41a2-9e42-8bea3e14ed79 ct= len=0
302 GET https://hb.trustedstack.com/cksync.php?cs=61&type=pol&gdpr=&gdpr_consent=&us_privacy=&gpp_sid=&redirect=https%3A%2F%2Fsync.pmbmonetize.live%2Fpsync%3Ft%3Dd%26e%3D249%26u%3D%3Cvsid%3E%26clp%3DaHR0cHM6Ly9jcy5vcGVud2VibXAuY ct=text/html; charset=utf-8 len=229
302 GET https://ssc-cms.33across.com/ps/?us_privacy=&ts=1790591147732.2&ri=25&ru=https%3A%2F%2Fads.pubmatic.com%2FAdServer%2Fjs%2Fuser_sync.html%3F%26p%3D156423%26us_privacy%3D%24%7BUS_PRIVACY%7D%26predirect%3Dhttps%253A%252F%25 ct= len=0
200 GET https://us-u.openx.net/w/1.0/sd?id=537148856&val=arpApwAO96PGhAAN ct=image/gif len=43
200 GET https://cs.openwebmp.com/cs?fwrd=1&aid=40016&id=ID5-5-671996bc-2bcb-42c5-8184-3aa5efeae14b ct=application/javascript len=0
204 GET https://cpm.vistarsagency.com/user-sync?zone=383926&dsp=1319215&t=iframe&uid=slbpldwnCp_ow ct= len=0
307 GET https://visitor-ow.omnitagjs.com/visitor/bsync?name=Openweb_SSP&uid=ee7f7070fcde32ab0ae4be25799fd7f5&url=https%3A%2F%2Fcs.openwebmp.com%2Fcs%3Ffwrd%3D1%26aid%3D40035%26id%3DPARTNER_USER_ID ct=text/html; charset=UTF-8 len=0
200 GET https://visitor.omnitagjs.com/visitor/sync?uid=094e13e3a08b6f25e4d4f7b1fba0b26b&visitor=AgrikhguIVylEloPuqlhQYIUEHXvFqUh2kuj57fqKtU&name=RTB_HOUSE&pi=adyoulike ct=image/gif len=49
200 GET https://ads.pubmatic.com/AdServer/js/user_sync.html?&p=156423&us_privacy=&predirect=https%3A%2F%2Fet-c-ash.33across.com%2Fmatch%3Fliv%3Dh%26us_privacy%3D%26bidder_id%3D25%26external_user_id%3D ct=text/html len=7463
302 GET https://pixel-us-east.rubiconproject.com/exchange/sync.php?p=17184-d&gdpr_consent=undefined&gdpr=0&khaos=MUL3QG4I-21-FRZS ct=text/html len=0
302 GET https://image2.pubmatic.com/AdServer/Pug?vcode=bz0yJnR5cGU9MSZjb2RlPTMyOTcmdGw9MTI5NjAw&piggybackCookie=ABWX_07VdIEAAAIQiR3dqA&r=https%3A%2F%2Fmatch.prod.bidr.io%2Fcookie-sync%3Fbee_sync_partners%3Dox%26bee_sync_current_ ct= len=
302 GET https://ssc-cms.33across.com/ps/?_=1790591147732.&ri=001Pg00000HgK4BIAV&gdpr_58=&gdpr=0&gdpr_consent=&us_privacy=&ru=https%3A%2F%2Fcs.openwebmp.com%2Fcs%3Ffwrd%3D1%26aid%3D40043%26id%3D33XUSERID33X ct= len=0
302 GET https://ssc-cms.33across.com/ps/?us_privacy=&ts=1790591147732.7&ri=90&ru=https%3A%2F%2Fib.adnxs.com%2Fgetuid%3Fhttps%253A%252F%252Fet-c-ash.33across.com%252Fmatch%253Fliv%253Dh%2526us_privacy%253D%24%7BUS_PRIVACY%7D%2526 ct= len=0
200 GET https://hb.trustedstack.com/cksync.php?cs=61&type=bts&gdpr=0&gdpr_consent=&redirect=https%3A%2F%2Fsyncingbridge.com%2FuserBack%3Fuid%3D%3Cvsid%3E%26gdpr%3D%7BGDPR%7D%26gdpr_consent%3D%7BGDPR_CONSENT%7D%26p%3D1 ct=image/gif len=43
200 GET https://us-u.openx.net/w/1.0/sd?id=537073028&val=017475a9-e993-40b9-970c-2fa8d6570e05 ct=image/gif len=43
301 GET https://secure-assets.rubiconproject.com/utils/xapi/multi-sync.html?p=33across&endpoint=us-east&us_privacy= ct= len=0
302 GET https://cm.g.doubleclick.net/pixel?google_nid=epsilon&google_cm ct=text/html; charset=UTF-8 len=289
302 GET https://sync.pmbmonetize.live/psync?t=d&e=249&u=4335927475642691000V10&clp=aHR0cHM6Ly9jcG0udmlzdGFyc2FnZW5jeS5jb20vdXNlci1zeW5jP3pvbmU9MzgzOTI2JmRzcD05MDQ3NTUmdD1pbWFnZSZ1aWQ9JVVTRVJfSUQl ct= len=
200 GET https://eus.rubiconproject.com/usync.html?p=33across&endpoint=us-east&us_privacy= ct=text/html len=224
302 GET https://sync.pmbmonetize.live/psync?t=d&e=249&u=4335927475642497000V10&clp=aHR0cHM6Ly9jcy5vcGVud2VibXAuY29tL2NzP2Z3cmQ9MSZhaWQ9NDAwNDcmaWQ9JVVTRVJfSUQl ct= len=
200 GET https://us-u.openx.net/w/1.0/sd?id=537072977&val=b0a0e98e-7ffa-4b0d-a1df-51a9903259d2-6aba40a7-5553&gdpr=0&gdpr_consent=&gpp=&gpp_sid= ct=image/gif len=43
302 GET https://sync.targeting.unrulymedia.com/csync/RX-c604efea-8c00-4e20-a24a-9b0fd2edb415-005?redir=https%3A%2F%2Fcs.openwebmp.com%2Fcs%3Ffwrd%3D1%26aid%3D40017%26id%3DRX-c604efea-8c00-4e20-a24a-9b0fd2edb415-005 ct=text/html len=
302 GET https://t.adx.opera.com/pub/sync?pubid=pub9322105895424 ct=text/html; charset=utf-8 len=281
302 GET https://cs.krushmedia.com/4d6ff4b39a6da63948bf15a61ab8f452.gif?puid=&redir=https%3A%2F%2Fssc-cms.33across.com%2Fps%2F%3Fxi%3D131%26us_privacy%3D%26xu%3D%5BUID%5D ct= len=0
303 GET https://match.prod.bidr.io/cookie-sync?bee_sync_partners=ox&bee_sync_current_partner=pm&bee_sync_initiator=ox&bee_sync_hop_count=1 ct= len=0
302 GET https://x.bidswitch.net/sync?ssp=the33across&us_privacy= ct= len=0
200 GET https://cs.openwebmp.com/cs?fwrd=1&aid=40035&id=e4155e37d3d59b7a54ba4ff49db92b9c ct=application/javascript len=0
200 GET https://cs.openwebmp.com/cs?fwrd=1&aid=40043&id=214021117320119 ct=application/javascript len=0
200 GET https://cs.openwebmp.com/cs?aid=40023&id=MUL3QG4I-21-FRZS&gdpr=0&gdpr_consent=undefined ct=application/javascript len=0
200 GET https://eus.rubiconproject.com/usync.js ct=text/html;charset=UTF-8 len=11678
302 GET https://ssc-cms.33across.com/ps/?xi=131&us_privacy=&xu=b38bf353-c83d-52ef-91eb-2ba09b714a4f ct= len=0
302 GET https://ib.adnxs.com/getuid?https%3A%2F%2Fet-c-ash.33across.com%2Fmatch%3Fliv%3Dh%26us_privacy%3D%26bidder_id%3D90%26external_user_id%3D%24UID ct=text/html; charset=utf-8 len=0
200 GET https://cs.openwebmp.com/cs?fwrd=1&aid=40047&id=C-eAGrVjIysVSyUjIxNja1NDI3MTc1MzEysTQ3MDAIMzRQqgUAcKUG8g ct=application/javascript len=0
302 GET https://www.temu.com/api/adx/cm/pixel-opera?adx_uid=b9520755b6dc864b&gdpr=&gdpr_consent=&us_privacy=&redir=https%3A%2F%2Ft.oa.opera.com%2Fsync%3Fvendor%3D60369%26pubid%3Dpub9322105895424%26gdpr%3D%26consent%3D%26us_priva ct= len=0
CONSOLE error: Failed to load resource: net::ERR_NAME_NOT_RESOLVED
200 GET https://dsp-cookie.adfarm1.adition.com/?ssp=9&gdpr=0&gdpr_consent=[GDPR_CONSENT]&us_privacy=[US_PRIVACY]&gpp=[GPP]&gpp_sid=[GPP_SID] ct= len=0
302 GET https://csync.copper6.com/3ccb4268afab0c2b1373a8a8fdc5011f.gif?coppa=%5BCOPPA%5D&gdpr=0&gdpr_consent=%5BGDPR_CONSENT%5D&gpp=%5BGPP%5D&gpp_sid=%5BGPP_SID%5D&redir=https%3A%2F%2Fcs.openwebmp.com%2Fcs%3Ffwrd%3D1%26aid%3D400 ct= len=0
200 GET https://idsync.rlcdn.com/362358.gif?google_gid=CAESEN2qMXeLNTtXz_e-JG-Yp2g&google_cver=1 ct=image/gif len=42
302 GET https://cm.adform.net/cookie?gdpr=0&gdpr_consent=&redirect_url=https%3A%2F%2Fuse3-sync.a-mo.net%2Fsetuid%3Fbidder%3Dadform%26A%3Dc6406cb8-b2a2-4c08-be6c-98972ed9a5ef%26uid%3D%24UID ct= len=0
200 GET https://cpm.vistarsagency.com/user-sync?zone=383926&dsp=904755&t=image&uid=C-eAGrVjIysVSyUjIxNja1NDI3MTc1MzEyszQ0MDAIMzRQqgUAcIUG7g ct=image/gif len=42
200 GET https://cs.openwebmp.com/cs?fwrd=1&aid=40017&id=RX-c604efea-8c00-4e20-a24a-9b0fd2edb415-005 ct=application/javascript len=0
200 GET https://cs.openwebmp.com/cs?fwrd=1&aid=40040&puid=e8331b81-c55a-4a63-92ea-dd8935ee5c66 ct=application/javascript len=0
200 GET https://token.rubiconproject.com/khaos.json?gdpr=0&khaos=MUL3QG4I-21-FRZS ct=application/json; charset=UTF-8 len=7
204 GET https://api-ssp.spot.im/pixels/rise_pixel?gdpr=0&gdpr_consent=&gpp=%5BGPP%5D&gpp_sid=%5BGPPSID%5D&ruid=slbpldwnCp_ow&us_privacy=%5BUS_PRIVACY%5D ct= len=
302 GET https://cms.quantserve.com/pixel/p-zLwwakwy-hZw3.gif?idmatch=0&ssp=the33across&gdpr=&gdpr_consent= ct= len=0
200 GET https://core.iprom.net/cookiesync?gdpr=0&gdpr_consent=[GDPR_CONSENT]&us_privacy=[US_PRIVACY]&gpp=[GPP]&gpp_sid=[GPP_SID] ct=image/gif len=43
204 GET https://use3-sync.a-mo.net/setuid?bidder=adform&A=c6406cb8-b2a2-4c08-be6c-98972ed9a5ef&uid=3656821217077196228 ct= len=0
302 GET https://sg.semasio.net/sync/1/15927723?&gdpr=0&gdpr_consent=[GDPR_CONSENT]&sInitiator=external&sExtCookieId=0A611856-FC1F-4812-A98E-D4F578F13133 ct= len=0
302 GET https://pixel-us-east.rubiconproject.com/exchange/sync.php?p=33across&us_privacy=&gdpr_consent=undefined&gdpr=0&khaos=MUL3QG4I-21-FRZS ct=text/html len=0
302 GET https://ssc-cms.33across.com/ps/?xi=1&xu=MUL3QG4I-21-FRZS&gdpr=0&gdpr_consent=undefined ct= len=0
200 GET https://us-u.openx.net/w/1.0/sd?val=ABWX_07VdIEAAAIQiR3dqA&id=537125688 ct=image/gif len=43
302 GET https://x.bidswitch.net/sync?dsp_id=76&user_group=2&ssp=the33across&&user_id=8ppnVPDLZFfpzTMM9c0oUfGYZg3pzTYB_MO2kGry ct= len=0
302 GET https://ads.betweendigital.com/match?bidder_id=43092&gdpr=0&consent=&callback_url=https%3A%2F%2Fx.bidswitch.net%2Fsync%3Fdsp_id%3D429%26user_id%3D%24%7BUSER_ID%7D%26ssp%3Dadyoulike%26expires%3D30%26user_group%3D%24%7BUSE ct= len=0
302 GET https://match.adsrvr.org/track/cmf/generic?ttd_pid=semasio&ttd_tpi=1&gdpr=0&gdpr_consent=[GDPR_CONSENT] ct= len=323
302 GET https://ssc-cms.33across.com/ps/?xi=10&us_privacy=&xu=93c9b27a-f6b3-41a3-8c64-57a76e1cf0ac ct= len=0
200 GET https://et-c-ash.33across.com/match?bidder_id=131&external_user_id=b38bf353-c83d-52ef-91eb-2ba09b714a4f&ts=1790591147&gdpr_58=&gdpr=0&gdpr_consent=&us_privacy= ct=image/png len=68
200 GET https://et-c-ash.33across.com/match?liv=h&us_privacy=&bidder_id=90&external_user_id=8634559812245746265 ct=image/png len=68
200 GET https://et-c-ash.33across.com/match?bidder_id=30&external_user_id=MUL3QG4I-21-FRZS&ts=1790591147&gdpr_58=&gdpr=0&gdpr_consent=&us_privacy= ct=image/png len=68
302 GET https://gocm.c.appier.net/pubmatic ct= len=0
302 GET https://ads.betweendigital.com/match?bidder_id=43092&gdpr=0&consent=&callback_url=https%3A%2F%2Fx.bidswitch.net%2Fsync%3Fdsp_id%3D429%26user_id%3D%24%7BUSER_ID%7D%26ssp%3Dadyoulike%26expires%3D30%26user_group%3D%24%7BUSE ct= len=0
200 GET https://et-c-ash.33across.com/match?bidder_id=10&external_user_id=93c9b27a-f6b3-41a3-8c64-57a76e1cf0ac&ts=1790591147&gdpr_58=&gdpr=0&gdpr_consent=&us_privacy= ct=image/png len=68
302 GET https://image2.pubmatic.com/AdServer/Pug?vcode=bz0yJnR5cGU9MSZjb2RlPTMyMDImdGw9MTI5NjAw&piggybackCookie=qthWb00FA16VC_gSq0C6ag ct= len=
302 GET https://x.bidswitch.net/sync?dsp_id=429&user_id=b264808c-ed36-530f-bd2a-55fcd7901557&ssp=adyoulike&expires=30&user_group=1&gdpr=0&gdpr_consent= ct= len=0
302 GET https://uipglob.semasio.net/tradedesk/1/info?sType=sync&gdpr=0&gdpr_consent=&sInitiator=internal&sExtCookieId=488b13d5-04f7-420d-b7ee-9ef78888759c ct= len=0
200 GET https://image8.pubmatic.com/AdServer/ImgSync?sec=1&gdpr=0&gdpr_consent=&us_privacy= ct= len=0
307 GET https://visitor.omnitagjs.com/visitor/sync?uid=2a62ca3297af454b8f19eb7922ed945f&visitor=93c9b27a-f6b3-41a3-8c64-57a76e1cf0ac&name=BIDSWITCH&gdpr=0&gdpr_consent= ct= len=0
302 GET https://sync.richaudience.com/f7872c90c5d3791e2b51f7edce1a0a5d/?gdpr=0&gdpr_consent=&p=JAHJ4YZq4O&r=https%3A%2F%2Fcs.openwebmp.com%2Fcs%3Ffwrd%3D1%26aid%3D40057%26id%3D%5BPDID%5D ct=text/html; charset=UTF-8 len=
200 GET https://cs.openwebmp.com/cs?aid=40053&uid=93c9b27a-f6b3-41a3-8c64-57a76e1cf0ac ct=application/javascript len=0
302 GET https://t.oa.opera.com/sync?vendor=60369&pubid=pub8730968190912&gdpr=0&consent=&us_privacy=&custom_data= ct=text/html; charset=utf-8 len=195
302 GET https://sg.semasio.net/sync/1/32675800?&gdpr=0&gdpr_consent=&sInitiator=internal&sExtCookieId=488b13d5-04f7-420d-b7ee-9ef78888759c ct= len=0
200 GET https://id.a-mx.com/sync?tao=1&&uid=c6406cb8-b2a2-4c08-be6c-98972ed9a5ef ct=application/json len=99
302 GET https://image2.pubmatic.com/AdServer/Pug?vcode=bz0yJnR5cGU9MSZjb2RlPTM0ODkmdGw9NDMyMDA=&piggybackCookie=OPU888d290cddc74b5ca2289f8f63d64dbc&gpdr=0&gdpr_consent= ct= len=
200 GET https://ow.pubmatic.com/setuid?bidder=amx&uid=c6406cb8-b2a2-4c08-be6c-98972ed9a5ef&gdpr=0& ct=text/html len=0
302 GET https://tracker.ssp.balance-x.com/sync?gdpr=0&gdpr_consent=%5BGDPR_CONSENT%5D&id=1&redirect=https%3A%2F%2Fcs.openwebmp.com%2Fcs%3Ffwrd%3D1%26aid%3D40056%26id%3D%7BPLL_USER_ID%7D&uid=%5BUID%5D ct=text/plain; charset=utf-8 len=100
302 GET https://image8.pubmatic.com/AdServer/ImgSync?sec=1&gdpr=0&gdpr_consent=&us_privacy= ct=text/html; charset=utf-8 len=115
200 GET https://ib.adnxs.com/prebid/setuid?bidder=amx&uid=c6406cb8-b2a2-4c08-be6c-98972ed9a5ef&gdpr=0& ct=image/gif len=43
200 GET https://cs.openwebmp.com/cs?fwrd=1&aid=40056&id=f51124a2-bc4b-88b0-d20e-4900c5cda449 ct=application/javascript len=0
200 GET https://cs.openwebmp.com/cs?aid=40059&fwrd=1&id=0A611856-FC1F-4812-A98E-D4F578F13133 ct=application/javascript len=0
302 GET https://ib.adnxs.com/getuid?https%3A%2F%2Fsu.semasio.net%2Fsync%2F1%2F4354957%3FsExtCookieId%3D%24UID%26sInitiator%3Dinternal&gdpr=0&gdpr_consent= ct=text/html; charset=utf-8 len=0
302 GET https://t.oa.opera.com/sync?vendor=60369&pubid=pub9322105895424&gdpr=&consent=&us_privacy=&custom_data= ct=text/html; charset=utf-8 len=136
302 GET https://sync.richaudience.com/f7872c90c5d3791e2b51f7edce1a0a5d/?gdpr=0&gdpr_consent=&p=JAHJ4YZq4O&r=https%3A%2F%2Fcs.openwebmp.com%2Fcs%3Ffwrd%3D1%26aid%3D40057%26id%3D%5BPDID%5D&rd=1 ct=text/html; charset=UTF-8 len=
204 POST https://analytics.google.com/g/collect?v=2&tid=G-18L2PWS977&gtm=45je69n1v872651491z89262207942za20gzb9262207942zd9262207942xf1&_p=1790591139185&gcd=13l3l3l3l1l1&npa=0&dma=0&tcfd=10000&_eu=EAAAAGQC&cid=1361015002.17905911 ct=text/plain len=0
200 GET https://cs.openwebmp.com/cs?fwrd=1&aid=40057&id=da0b333f-97c6-4f39-a292-1zz1790591063 ct=application/javascript len=0
200 GET https://u.openx.net/w/1.0/sd?gdpr=&gdpr_consent=&id=559546607&val=OPU888d290cddc74b5ca2289f8f63d64dbc ct=image/gif len=43
200 GET https://image2.pubmatic.com/AdServer/Pug?vcode=bz0yJnR5cGU9MSZjb2RlPTQxNTcmdGw9MTI5NjAwA3731454313985377578 ct=image/gif; charset=utf-8 len=42
302 GET https://su.semasio.net/sync/1/4354957?sExtCookieId=8634559812245746265&sInitiator=internal&gdpr=0&gdpr_consent= ct= len=0
302 GET https://d.turn.com/r/dd/id/L2NzaWQvMS9jaWQvMjg1MjQ0NjQvdC8w/url/https%3A%2F%2Fsu.semasio.net%2Fsync%2F1%2F9732522%3FsExtCookieId%3D%24!%7BTURN_UUID%7D%26sInitiator%3Dinternal&gdpr=0&gdpr_consent= ct= len=0
302 GET https://su.semasio.net/sync/1/9732522?sExtCookieId=3208878812712872954&sInitiator=internal&gdpr=0&gdpr_consent= ct= len=0
302 GET https://rtd-tm.everesttech.net/upi/pid/dm4ha19W?redir=https%3A%2F%2Fsu.semasio.net%2Fsync%2F1%2F19129194%3FsExtCookieId%3D%24%7BTM_USER_ID%7D%26sInitiator%3Dinternal&gdpr=0&gdpr_consent= ct= len=0
200 GET https://su.semasio.net/sync/1/19129194?sExtCookieId=arpApwAO96PGhAAN&sInitiator=internal&gdpr=0 ct= len=0
200 GET https://simage4.pubmatic.com/AdServer/SPug?partnerID=157743&gdpr=0&gdpr_consent=[GDPR_CONSENT]&us_privacy=[US_PRIVACY]&gpp=[GPP]&gpp_sid=[GPP_SID] ct= len=
302 GET https://sync.iqzonertb.live/psync?t=s&e=415&cb=https%3A%2F%2Fimage2.pubmatic.com%2FAdServer%2FPug%3Fvcode%3Dbz0yJnR5cGU9MSZjb2RlPTM2MTgmdGw9MjAxNjA%3D%26piggybackCookie%3D%25USER_ID%25%26gdpr%3D0%26gdpr_consent%3D[GDPR_C ct= len=
302 GET https://sync.aniview.com/ssync?pid=69c3f396abb16b100f0b9316&gdpr=&consent=&ccpa=&gpp=&gpp_sid=&r=https%3A%2F%2Fsync.iqzonertb.live%2Fpsync%3Ft%3Dd%26e%3D444%26u%3D%5BAV_UID%5D%26clp%3DaHR0cHM6Ly9pbWFnZTIucHVibWF0aWMuY29t ct=text/html; charset=utf-8 len=437
302 GET https://sync.iqzonertb.live/psync?t=d&e=444&u=edcc6eb8-1c13-47ae-99d0-fd71ad70e5c1&clp=aHR0cHM6Ly9pbWFnZTIucHVibWF0aWMuY29tL0FkU2VydmVyL1B1Zz92Y29kZT1iejB5Sm5SNWNHVTlNU1pqYjJSbFBUTTJNVGdtZEd3OU1qQXhOakE9JnBpZ2d5YmFja0Nvb ct= len=
200 GET https://image2.pubmatic.com/AdServer/Pug?vcode=bz0yJnR5cGU9MSZjb2RlPTM2MTgmdGw9MjAxNjA=&piggybackCookie=C-eAEFwcEJACAIAMBd_AtKltk2prZEtHt3F0QEFlRGjNoTObihqBeaJeFJZU-l6sHwPiEmDIo&gdpr=0&gdpr_consent=[GDPR_CONSENT]&ccpa=[C ct=image/gif; charset=utf-8 len=42
200 GET https://image6.pubmatic.com/AdServer/PugMaster?sec=1&async=1&kdntuid=1&rnd=10886549&p=160295&s=0&a=0&ptask=ALL&np=0&fp=0&rp=1&mpc=0&spug=1&coppa=0&gdpr=0&gdpr_consent=&us_privacy=&gpp=&gpp_sid= ct=text/html; charset=UTF-8 len=1774
200 GET https://www.temu.com/api/adx/cm/pixel-pubmatic?id=0A611856-FC1F-4812-A98E-D4F578F13133&gdpr=0&gdpr_consent=&us_privacy= ct= len=0
302 GET https://um.simpli.fi/pm_match?https://simage2.pubmatic.com/AdServer/Pug?vcode=bz0yJnR5cGU9MSZqcz0xJmNvZGU9MjkzNiZ0bD00MzIwMA==&piggybackCookie=uid:$UID&gdpr=0&gdpr_consent=&us_privacy=&gpp=&gpp_sid= ct=text/html len=142
200 GET https://cs-server-s2s.yellowblue.io/cs?fwrd=1&aid=11576&id=0A611856-FC1F-4812-A98E-D4F578F13133 ct=application/javascript len=0
200 GET https://simage2.pubmatic.com/AdServer/Pug?vcode=bz0yJnR5cGU9MSZqcz0xJmNvZGU9MjkzNiZ0bD00MzIwMA==&piggybackCookie=uid:2271CA9E0963429CA87672CD9167C063&gdpr=0&gdpr_consent=&us_privacy=&gpp=&gpp_sid= ct=text/html; charset=utf-8 len=1
302 GET https://sync.1rx.io/usersync2/pubmatic&gdpr=0&gdpr_consent=&us_privacy=&gpp=&gpp_sid= ct=text/html len=
302 GET https://sync.crwdcntrl.net/qmap?c=240&tp=PUBM&tpid=0A611856-FC1F-4812-A98E-D4F578F13133&gdpr=0&gdpr_consent= ct= len=0
302 GET https://t.adx.opera.com/pub/sync?pubid=pub8730968190912&gdpr=0&gdpr_consent= ct=text/html; charset=utf-8 len=283
302 GET https://x.bidswitch.net/sync?ssp=adconductor&user_id=RX-c604efea-8c00-4e20-a24a-9b0fd2edb415-005&rndcb=3696126744 ct= len=0
200 GET https://sync.crwdcntrl.net/qmap?c=240&tp=PUBM&tpid=0A611856-FC1F-4812-A98E-D4F578F13133&gdpr=0&gdpr_consent=&ct=y ct=image/gif len=49
200 GET https://sync.p7cloud.net/p.png?arcid=[ARCSPAN_UID]&UID=0A611856-FC1F-4812-A98E-D4F578F13133 ct=image/png len=70
302 GET https://www.temu.com/api/adx/cm/pixel-opera?adx_uid=b9520755b6dc864b&gdpr=0&gdpr_consent=&us_privacy=&redir=https%3A%2F%2Ft.oa.opera.com%2Fsync%3Fvendor%3D60369%26pubid%3Dpub8730968190912%26gdpr%3D0%26consent%3D%26us_pri ct= len=0
302 GET https://exchange.appnerve.net/sync/source/35084087?redir=https://image2.pubmatic.com/AdServer/Pug?vcode=bz0yJnR5cGU9MSZjb2RlPTM5ODkmdGw9NDMyMDA=&piggybackCookie={uid}&gdpr=0&gdpr_consent=&us_privacy=&gpp=&gpp_sid= ct=text/html; charset=utf-8 len=110
303 GET https://i.liadm.com/s/75145?bidder_id=195755&bidder_uuid=0A611856-FC1F-4812-A98E-D4F578F13133 ct= len=0
303 GET https://i.liadm.com/s/75145?bidder_id=195755&bidder_uuid=0A611856-FC1F-4812-A98E-D4F578F13133&_li_chk=true&previous_uuid=d44b20feecdb44ffbee07f0273ddece6 ct= len=0
200 GET https://image2.pubmatic.com/AdServer/Pug?vcode=bz0yJnR5cGU9MSZjb2RlPTM5ODkmdGw9NDMyMDA= ct=image/gif; charset=utf-8 len=42
302 GET https://d.turn.com/r/dd/id/L21rdC8xOTcxL2NpZC8xNzQ5ODczMjc1L3QvMg/url/https://i.liadm.com/s/53233?bidder_id=183658&bidder_uuid=$!%7BTURN_UUID%7D&gdpr=0 ct= len=0
302 GET https://t.oa.opera.com/sync?vendor=60369&pubid=pub8730968190912&gdpr=0&consent=&us_privacy=&custom_data= ct=text/html; charset=utf-8 len=195
303 GET https://i.liadm.com/s/53233?bidder_id=183658&bidder_uuid=3208878812712872954&gdpr=0 ct= len=0
200 GET https://image2.pubmatic.com/AdServer/Pug?vcode=bz0yJnR5cGU9MSZjb2RlPTM0ODkmdGw9NDMyMDA=&piggybackCookie=OPU888d290cddc74b5ca2289f8f63d64dbc&gpdr=0&gdpr_consent= ct=image/gif; charset=utf-8 len=42
302 GET https://match.adsby.bidtheatre.com/pubmaticmatch?redir=https://simage2.pubmatic.com/AdServer/Pug?vcode=bz0yJnR5cGU9MSZjb2RlPTMwNjImdGw9MTI5NjAw&piggybackCookie=uid:$UID&gdpr=0&gdpr_consent=&us_privacy=&gpp=&gpp_sid= ct= len=0
302 GET https://thrtle.com/sync?vxii_pid=7006&vxii_pdid=d44b20fe-ecdb-44ff-bee0-7f0273ddece6&gdpr=0 ct=text/html; charset=utf-8 len=208
302 GET https://thrtle.com/sync?_reach=1&vxii_pdid=d44b20fe-ecdb-44ff-bee0-7f0273ddece6&vxii_pid=12&vxii_pid1=7006&vxii_rcid=b91c638b-66b7-4c64-bb21-129f3f5d3a6e&vxii_rmax=3 ct=text/html; charset=utf-8 len=166
302 GET https://r.bidswitch.net/sync?bidswitch_ssp_id=adconductor&bsw_custom_parameter=93c9b27a-f6b3-41a3-8c64-57a76e1cf0ac ct= len=0
302 GET https://pixel.tapad.com/idsync/ex/receive?partner_id=3205&partner_device_id=93c9b27a-f6b3-41a3-8c64-57a76e1cf0ac&partner_url=https%3A%2F%2Fx.bidswitch.net%2Fsync%3Fdsp_id%3D393%26user_id%3D0%26ssp%3Dadconductor%26bsw_par ct= len=0
302 GET https://match.adsby.bidtheatre.com/pubmaticmatch?redirected=true&redir=https://simage2.pubmatic.com/AdServer/Pug?vcode=bz0yJnR5cGU9MSZjb2RlPTMwNjImdGw9MTI5NjAw&piggybackCookie=uid:$UID&gdpr=0&gdpr_consent=&us_privacy=&gp ct= len=0
302 GET https://ib.adnxs.com/getuid?https%3A%2F%2Fthrtle.com%2Fsync%3Fvxii_pid%3D5006%26vxii_pdid%3D%24UID%26vxii_ts%3D1%26_t%3D1790591173%26_reach%3D1 ct=text/html; charset=utf-8 len=0
302 GET https://secure.adnxs.com/getuid?https%3A%2F%2Fpixel.tapad.com%2Fidsync%2Fex%2Freceive%3Fpartner_id%3DAPPNEXUS%26partner_device_id%3D%24UID%26pt%3Ddad9b9b3-b6b1-4c80-b3db-2d7f8401b31f%252Chttps%25253A%25252F%25252Fx.bidsw ct=text/html; charset=utf-8 len=0
200 GET https://simage2.pubmatic.com/AdServer/Pug?gdpr_consent=&gdpr=0&piggybackCookie=uid:3878a6f5-c885-466b-a7c8-573b3a4aecf6&vcode=bz0yJnR5cGU9MSZjb2RlPTMwNjImdGw9MTI5NjAw ct=image/gif; charset=utf-8 len=42
302 GET https://thrtle.com/sync?vxii_pid=5006&vxii_pdid=8634559812245746265&vxii_ts=1&_t=1790591173&_reach=1 ct=text/html; charset=utf-8 len=211
302 GET https://pixel.tapad.com/idsync/ex/receive?partner_id=APPNEXUS&partner_device_id=8634559812245746265&pt=dad9b9b3-b6b1-4c80-b3db-2d7f8401b31f%2Chttps%253A%252F%252Fx.bidswitch.net%252Fsync%253Fdsp_id%253D393%2526user_id%25 ct= len=0
302 GET https://pixel-sync.sitescout.com/connectors/throtle/usersync?redir=https%3A%2F%2Fthrtle.com%2Fsync%3Fvxii_pid%3D5026%26vxii_pdid%3D%7BuserId%7D%26vxii_ts%3D2%26_t%3D1790591173%26_reach%3D1 ct= len=0
204 GET https://thrtle.com/sync?vxii_pid=5026&vxii_pdid=b0a0e98e-7ffa-4b0d-a1df-51a9903259d2-6aba40a7-5553&vxii_ts=2&_t=1790591173&_reach=1 ct= len=
302 GET https://x.bidswitch.net/sync?dsp_id=393&user_id=0&ssp=adconductor&bsw_param=93c9b27a-f6b3-41a3-8c64-57a76e1cf0ac ct= len=0
200 GET https://d5p.de17a.com/getuid/pubmatic?https://image2.pubmatic.com/AdServer/Pug?vcode=bz0yJnR5cGU9MSZjb2RlPTI3NDUmdGw9MTI5NjAw&gdpr=0&gdpr_consent=&piggybackCookie=$UID&us_privacy=&gpp=&gpp_sid= ct=image/gif len=35
302 GET https://sync.1rx.io/usersync/bidswitch/93c9b27a-f6b3-41a3-8c64-57a76e1cf0ac?gdpr=&gdpr_consent=&us_privacy= ct=text/html len=
302 GET https://sync.targeting.unrulymedia.com/csync/RX-c604efea-8c00-4e20-a24a-9b0fd2edb415-005?redir=https%3A%2F%2Fsimage2.pubmatic.com%2FAdServer%2FPug%3Fvcode%3Dbz0yJnR5cGU9MSZjb2RlPTMyMDMmdGw9NDMyMDA%3D%26piggybackCookie%3D ct=text/html len=
200 GET https://simage2.pubmatic.com/AdServer/Pug?vcode=bz0yJnR5cGU9MSZjb2RlPTMyMDMmdGw9NDMyMDA=&piggybackCookie=RX-c604efea-8c00-4e20-a24a-9b0fd2edb415-005 ct=image/gif; charset=utf-8 len=42
302 GET https://adrta.com/i?clid=mgid&paid=mgid&avid=-&caid=-&plid=28009387&publisherId=74117950&siteId=1110887&kv1=510x363&kv2=https://limewire.com/d/tAoZ9 ct= len=0
200 GET https://ipds.adrta.com/i?__x=KGCJKEEINLCGHBEBPINENOLHGOONKEIHGLMAGLNHLNHIMJHMPBGLQMOJKNOHKPGNJKMILBIMOEJQHFNLINM@NNHIQOKKEPOMLJJGFIHBFNQFKNFINIJPNAE@HBE&clid=mgid&paid=mgid&avid=-&caid=-&plid=28009387&publisherId=7411795 ct=image/gif len=43
200 GET https://simage4.pubmatic.com/AdServer/SPug?partnerID=160295&gdpr=0&gdpr_consent=&us_privacy=&gpp=&gpp_sid= ct= len=
200 GET https://image6.pubmatic.com/AdServer/PugMaster?sec=1&async=1&kdntuid=1&rnd=38176346&p=157743&s=0&a=0&ptask=ALL&np=0&fp=0&rp=1&mpc=0&spug=1&coppa=0&gdpr=0&gdpr_consent=[GDPR_CONSENT]&us_privacy=[US_PRIVACY]&gpp=[GPP]&gpp_ ct=text/html; charset=UTF-8 len=47
200 GET https://s.seedtag.com/cs/cookiesync/pubmatic?channeluid=0A611856-FC1F-4812-A98E-D4F578F13133 ct= len=0
204 POST https://analytics.google.com/g/collect?v=2&tid=G-18L2PWS977&gtm=45je69n1v872651491z89262207942za20gzb9262207942zd9262207942xf1&_p=1790591139185&gcd=13l3l3l3l1l1&npa=0&dma=0&tcfd=10000&_eu=EAAAAGQC&cid=1361015002.17905911 ct=text/plain len=0
200 GET https://cs-server-s2s.yellowblue.io/cs?fwrd=1&aid=11576&id=0A611856-FC1F-4812-A98E-D4F578F13133 ct=application/javascript len=0